Id,Start time,Completion time,Email,Name,Please Enter Your Name,Please Enter Your Title,Name of Account/Portfolio,Date/Time of Scorecard Review?,"Who attended your Scorecard Review?
Names and titles of all external and internal attendees.",What was the overall Scorecard Score?,"Summary of Review
What did you cover during the review? Please provide a brief summary of what was covered.

","Customer Feedback

What was the feedback from the client -- include any concerns and compliments shared and who shared it.
","Action Items/Follow Ups

What action items/follow ups came out of the meeting? Who owns them and agreed upon timelines?
",Date of Next Scorecard Review
1,11/5/2025 12:52,11/5/2025 12:54,anonymous,,Corey Wallace,Account Manager,Abbvie,11/4,"Charles Palian (CBRE Alliance Director), Bella Liu (CBRE Procurement Manager), & Rob Wilking (CBRE Facilities Manager)",N/A,Meeting was cancelled and will be re-scheduled following the returns of PTO,Meeting was cancelled and will be re-scheduled following the returns of PTO,Meeting was cancelled and will be re-scheduled following the returns of PTO,
2,11/5/2025 13:05,11/5/2025 13:15,anonymous,,Dave Pergola,Account Director,Merck Sodexo,11-5-2025,"SBM - Dave Pergola, Orlando Suarez, Brian Davis

Sodexo –Cindi Aki, Armond Banks, Rossana Vadala",3.93/5.00,"The meeting focused on strengthening safety practices, audit alignment, and scorecard consistency between SBM and Sodexo. Both teams discussed EHS incidents and agreed to create a new “Safety” category in the complaint tracking system to enhance visibility and accountability. A mitigation plan is being developed following Kevin Schmied’s departure.

Sodexo raised concerns about internal audit results not reflecting actual site performance. To address this, KPI objectives will be realigned, and joint audits will increase from once to twice per month to improve transparency. Additionally, Orlando Suarez will coordinate internal scorecard reviews with Armond Banks to ensure both organizations measure performance using the same metrics.

Overall, the discussion reflected strong collaboration, mutual accountability, and a shared commitment to continuous improvement in safety, quality, and communication.","Cindi Aki and Rossana Vadala expressed appreciation for SBM’s improved communication and transparency regarding incidents, events, and operational updates.

Sodexo remains highly focused on safety performance and expects continued visibility and accountability through the new safety tracking initiative.

Concerns were raised about internal audit scores not aligning with on-campus performance metrics. A joint approach to auditing and KPI realignment was welcomed.

Overall, the client commended the collaborative spirit and responsiveness of SBM’s leadership team.","Dave Pergola and Orlando Suarez will finalize the mitigation plan and introduce the new “Safety” category in complaint tracking by November 30, 2025. Orlando Suarez and Rossana Vadala will begin bi-monthly joint audits to improve transparency. Orlando will also coordinate internal scorecard review sessions with Armond Banks to align metrics across both organizations by December 15, 2025.

Marvin, with support from Dave and Orlando, will deploy a QR-based service validation tool by November 14, 2025. The SBM team will complete holiday décor setup by November 21 and removal by January 11, 2026. Brian Davis and Orlando will establish a quarterly SOP review cycle and formalize pre-MBR alignment sessions by December 31, 2025. Brian will also complete a consumable stock audit and adjust par levels based on usage trends by year-end. Lastly, Orlando will review task validation processes and finalize an annual audit schedule to ensure consistent oversight and accountability by December 31, 2025.",
3,11/5/2025 13:13,11/5/2025 13:25,anonymous,,Aaron Simpson,Sr Account Director,Ball Corp,10/31/2025,"Tracey Deville, Erika Kaufman, Kevin Donaughey, John Stillson, Nikki McCall, Cody Herbert, Michael Smihosky, Brian McCalvey",4.68,"Overall the portfolio is satisfactory, there were some escalations out of the handful of sites - Tampa, Conroe, Ft Worth, Goodyear, Waddell. Had to create action plans for the entire portfolio to ensure those issues do not persist. All the remaining sites are meeting expectations.",I’ve noted the customer concerns in the summary of the review. Will have an official QBR take place on the 14th. Client is looking at ways we can enhance service delivery across the portfolio. ,"All regional managers have to meet with the RFM by Friday to discuss 4insite, accountability and overall performance of their respective sites. Close out any active complaints noted during the call. Move to monthly survey, joint audits cadence. ",
4,11/5/2025 13:34,11/5/2025 13:36,anonymous,,Julie Bianchi,Account Manager,Cigna,"November 4, 2025","Dan Dannen – Regional Facilities Manager
Mario Cordon – Sr. Procurement Manager
Gino Fabian – Facilities Manager
Ken Rossiter – Sr. Facilities Manager
Mike Hanna – FM Engineering Ops Manager
Amanda Eppel – Assistant Facilities Manager
Brian Miller – Assistant Facilities Manager
Stephanie Kost – Procurement Analyst
Marc Normandin – FM Sr. Engineering Ops Director",Bloomfield – 4.0 St. Louis – 5.0 Arizona Sites (Average) – 3.6,"The meeting was well attended with nine participants. Cigna celebrated another month with zero recordable incidents and recognized several sites for achieving over 1,000 days recordable-free. Joint audits yielded scores of 4.0 for Bloomfield, 5.0 for St. Louis, and an average of 3.6 for Arizona. Six surveys were sent and received for Arizona, with five sites earning scores of 4.0 or higher and Paseo receiving 3.75. A QAP was conducted on November 4. SBM’s scorecard KPIs were reviewed, and participants expressed appreciation for the detailed updates. Marc Normandin shared positive feedback from CBRE’s Global Engineering Director regarding the cleanliness and overall appearance of the Bloomfield site during an October visit.","Cigna leadership expressed strong satisfaction with SBM’s performance, highlighting excellent safety results and positive site conditions across the portfolio. Marc Normandin relayed complimentary remarks from CBRE’s Global Engineering Director praising Bloomfield’s cleanliness and maintenance standards. Attendees also appreciated the comprehensive KPI review and the proactive communication from the SBM team.","SBM will continue to maintain its zero-incident record and focus on sustaining strong safety culture across all sites.
Joint audits will continue on schedule to ensure consistency and transparency.
The team will monitor Arizona site performance, specifically targeting improvement opportunities at Paseo to lift its audit score above 4.0.
Ongoing KPI tracking and communication updates will be maintained through monthly reviews led by Julie Bianchi.",
5,11/5/2025 14:32,11/5/2025 14:55,anonymous,,Caren Courtney,Account Manager,Omnicom ,11/5/2023 / 10:30 AM PST,"Nick Sullivan, JLL/Omnicom Sourcing Manager
Patty Cea, JLL/Omnicom Regional Facilities Manager",5,"- Transition scorecard KPI's and results.
- Scores received from CSAT's submitted.
- Ongoing sustaining KPI's and scoring criteria.
- Service improvements that could be made.
- Upcoming change in account management.","- Site went live on 10/1/2025.  Reviewed with client the transition scorecard results.
- Specifically focused on the CSAT's submitted by both Patty Cea (4) and Nick Sullivan (5).
- Discussed an area that client would like to see improvement on and received several compliments ranging from quality of service being performed, bathrooms consistently smell ""fresh"".
- No complaints received from Omnicom employees.","- R/D team was a no-show for the call (they have not attended the last 2 meetings).  Sent email to R/D team on 11/5/2025 letting them know this was unacceptable and that moving forward someone from the R/D team needed to be on the call.
- Remind Day Porters to pick-up garbage found in garage stairwells leading to lobby.  Christian Enderica was assigned this task via email. ",
6,11/5/2025 14:30,11/5/2025 15:01,anonymous,,Gisell Langelier ,Account Manager,Medtronic,November 4th - 4:00pm ,"Gavin Hall- Director of Facilities - MDT
Pierre Carlier- Facility Manager - MDT
Antonio Ledbetter - Sr. Facility Manager- MDT
Victoria Cote- Project Managet - MDT

Gisell Langelier - SBM ",5,"Reviewed current janitorial KPI dashboard performance and SBM scorecard for October. The discussion focused on lessons learned from recent transitions (Carlsbad and Santa Ana), safety reporting, and consumable spend tracking.


Focused on the Carlsbad and Santa Ana transitions and discussed lessons learned from both. Reviewed the SBM Scorecard to ensure alignment with Medtronic’s dashboard data. Discussed personnel changes at Irvine and Northridge and the commentary entered on those scorecards. 

Safety Data:
Reviewed current safety metrics and reporting from 4insite. Data consistency and incident reporting timeliness were discussed, with an emphasis on maintaining compliance and accuracy.

Consumable Data:
Evaluated consumable tracking data from Medtronic’s dashboard and noted adjustments need to be made for Menlo Park. It is a new site so we overestimated costs, now that we have 6 months of data we can adjust the 'budget' to the correct figure.  Medtronic asked if I can include consumable spend on my SBM Scorecard commentary moving forward."," 
-General kudos to the team @ Menlo Park/Santa Rosa from Antonio Ledbetter.

- Pierre Carlier gave kudos to Ron Liberty and Vita Palomo for the support with the HVAC cleanings in Building 8.

- Gavin gave kudos to the SBM group for their efforts with the difficult Santa Ana transition.





","Gisell L/Victoria Cote - Due by November 25th - Streamline data input procedures to ensure accuracy across both dashboards.

Gavin -  Gavin will assist in obtaining responses to the SBM customer survey, as obtaining responses has been a challenge recently. 

Gisell L/Victoria Cote - Due by Nov 7th- Adjust consumable ’thresholds’ for Menlo Park and enter baseline data for Santa Ana and Carlsbad. 

Gisell L - Due by December 15th Report out for Santa Ana in December.
Gisell L - Finalize date by Nov 10th-  Please push back the QBR until the first week of January for a comprehensive review of all sites. 

Gisell L/Victoria Cote - Ongoing, hoping to close by Dec 15th. Standardize scorecard formats between internal systems and Medtronic’s dashboard for easier comparison and reporting. 

Gisell L - Completed- Medtronic asked to include consumable spend on SBM Scorecard commentary moving forward.

",
7,11/5/2025 15:09,11/5/2025 15:14,anonymous,,Zach Shock,Account Director,Boehringer Ingelheim,11/5/2025 12pm est,"Dean Selna (CBRE AD)
Zach Shock (SBM AD)
John Hubbard (CBRE Americas Quality & Compliance)
Pat Murtha (CBRE AM)
Chelsey Mackowski (CBRE Procurement)",4.53,"The failing site was BI Fremont. We failed our internal audits and the CSAT. We have multiple challenges at this site that we are working towards a solution with CBRE & BI. One easy fix would be adding a night custodian this would allow the floor tech to perform the FT duties. This was verbally approved by CBRE (Jim Black) /BI (Ryan Stephenson) but is not being contested because of the cost increase.

New site manager at Fremont is working on getting his BI laptop and access to their system so we can oversee the GMP program. Harjot has been requesting access since July. This is being addressed by CBRE.

Communication from the CBRE team at Fremont was also discussed. I send e-mails & follow ups that need answers and no one responds to them.","Dean wants me to invite all of the POCs for each site to these calls moving forward. This has been completed.

Dean is following up with BI to get SBM access to the elogs. John is working on it with Dean. John put together a timeline that started July 5th and he put that he and Harjot needed access.","I have set up an internal meeting on Tuesday the 11th.

We have another meeting with BI/CBRE to discuss what is needed and how we can optimize the GMP and Janitorial Program at the Fremont site. Sean, Dan, Andy & Mike are all engaged.

CBRE is scheduling this meeting.

Harjot and Zach to work on a list of who needs what access at the Fremont site.",Not Sure
8,11/5/2025 18:28,11/5/2025 18:32,anonymous,,Jack Thornton,Account Director,Nike/DHL,"11/5, 12pm","Jerri Shields (Site Manger), Tim Jones (GM, DHL)",5,Met with Tim at his desk to go over the our scorecards. ,Tim stated that SBM is doing a great job. ,N/A,Before the 10th of the month
9,11/5/2025 18:33,11/5/2025 18:36,anonymous,,Jack Thornton,Account Driector,Nike/GXO Relay (California),"11/5, 11am","Damon Ruben (GXO Senior Facilities Manager), GeoVanni Castillo (Site Manager)",5,Geovanni discussed our scorecard and how we got those numbers. ,Damon is pleased with our teams attention to the floors and how well the site is maintained clean.,N/A,Before the 10th of the month
10,11/5/2025 20:11,11/5/2025 20:22,anonymous,,Ayesha Nasir,Account Manager,Westinghouse ,11/5/2025,"Westinghouse- Frank Butters JLL SR AD for Westinghouse, Chad Ohr Business Ops Manager",4.66,"We reviewed the portfolio of all 8 locations, this included trends of JA and IAs, Complaints, Report its, Good Catches, CSAT, all in depth. Call was about an hour.","During my recent engagement with Frank and Chad regarding our nuclear facilities operations for WH Columbia SC, Frank demonstrated strong interest and engagement, asking detailed follow-up questions about our cleaning processes and overall platform performance. I provided a comprehensive walkthrough of our approach, which was very well received.

Both Frank and Chad expressed high satisfaction with our platform’s capabilities and outcomes. As a result, they extended an invitation for me to serve as a guest speaker at their January 2026 review with key Westinghouse customers, a strategic opportunity to further showcase our expertise and strengthen our partnership.

Additionally, Frank acknowledged and appreciated my proactive decision to engage WH Churchill directly to ensure effective communication and maintain executive confidence, given prior challenges with information flow through JLL.

This interaction further reinforces our trusted partnership position with Westinghouse and underscores confidence in our operational excellence and leadership responsiveness.","As a next step, I’ve been invited to present a Sustainability slide deck next week to Westinghouse Customer Tony and the JLL Team (Frank and team). I’m currently developing the presentation to support this discussion and further reinforce our alignment with their priorities.",December 3rd 2025
11,11/6/2025 6:43,11/6/2025 6:49,anonymous,,Robert Wallen,Account Director,GM Milford,11/4/25 @ 11AM,Paula Schermerhorn and Dave Painter,5,"Staffing levels, audit scores and complaints for the major topic of the review. SBM is currently looking for ways to be more efficient on-site and new routes have been given to the team to ensure all areas are touched on. ",Dave was happy to see the overall scorecard still be at a 5 out 5 with the few complaints we saw in October. He understands that we are not backfilling positions at the moment but wants to ensure all service gaps are logged in 4insite during this time.,N/A,N/A - Scheduled for the first week of each month but dates change due to customers daily needs.
12,11/6/2025 10:24,11/6/2025 10:27,anonymous,,Grant Frazier,Account Director,Grant frazier,11/5/25 at 1:30pm,"Robert Faria- director of operations cbre
Bryan Hare - sourcing manager cbre",4.78,"We reviewed overall portfolio, a missing csat and a faile csat site and the already completed or in progress action plan.",No issues to report. Happy with current services and progress,No pending action items as all items discussed already have completed or in-flight action plans,12/5/2025
13,11/5/2025 15:22,11/6/2025 11:34,anonymous,,Siddarth Shah ,Account Director ,Micron (C&W),10/14/25 @ 11:30am MTN time,"Jeff Samson 
Charles Nagel",5,"Joint Audits vs Internal audits and trends seen over the last quarter, Internal and contractual KPI's making sure that we capture all KPI's that we are contractually obligated to. ","Services and Service levels are trending in the right direction. Especially with all the additional oversite at the sites. Equipment was a big issue, Client would like to see SBM make use of equipment that will increase productivity at the site but more importantly the right equipment being used. ","Submit request for equipment repairs, continue focusing on all contractual KPI requirements and expectations. ",11/12/2025 @ 11:30am 
14,11/6/2025 11:49,11/6/2025 11:53,anonymous,,Jack Thornton,Account Director,Nike/GXO  Connect,11/6,"Albert Diaz, Senior Director and Cole Breidinger Site Manager",5,Discussed performance and our KPI’s on the scorecard. ,Very pleased with what we continue to do. ,N/A,before the 10th of next month
15,11/6/2025 12:47,11/6/2025 12:52,anonymous,,Travis Lionberger,Regional Manager,Great American Ballpark,10/31 at 1pm EST,"Richard Spaulding - Site Manager
Sean Brown - VP Ballpark Operations",5,"During the review, we discussed the KPIs that generated the 5 score. We discussed the CSAT and feedback from Sean's team. We also discussed upcoming projects and projects that were completed when ""putting the ballpark to bed"" for the season. We let Sean know about the floorcare projects and ATB that is coming up. ",Sean was aligned with the score and service that SBM is providing. He was happy that we were able to pressure wash the entire ballpark prior to the water getting turned off on Oct 31st. ,N/A,End of November
16,11/6/2025 14:11,11/6/2025 14:24,anonymous,,Scott Kimball,Account Director,Sanofi,11/6/2025 @ 1:30pm Eastern,"Scott Kimball (SBM AD)
Rick Rivela (CBRE AD)",4.75,"SR's with Rick Rivela are generally very casual and serve as an open forum for both sides to discuss challenges and opportunities. Rick mostly comes across as being a strong advocate for SBM and since the beginning has come to us directly for help with various issues CB is facing. 

In today's review, we discussed:
- some quality findings at Framingham that need to be addressed in the lead-up to a potential FDA visit (this dominated the call, due to the importance)
- the hiring of a dedicated quality manager for the Sanofi account when SBM takes over the Swiftwater GMP work,
- upcoming site visits,","While Rick's opinion was that the Framingham behavioral findings were ""minor,"" we discussed the importance of getting them cleaned up. I explained the root cause (under-performing Supervisor) and our actions in correcting that ASAP. Rick's feedback was positive and was confident we are addressing this appropriately.

Rick also expressed a desire to have SBM conduct training with site teams on how to respond to questions in audit environments. His concern was that the Swiftwater team (not SBM managed) was unable to provide answers to simple GMP-related questions when asked by Sanofi global leaders. Rick's confidence in SBM's expertise reinforces the partnership between the two parties.",Scott to continue to push for more Quality team support at Framingham in the lead-up to the FDA visit.,12/4/2025
17,11/6/2025 15:12,11/6/2025 15:22,anonymous,,Jennifer Segovia,Account Director,General Dynamics,11.5.25 at 9am,Ethan Willis Commodity Supervisor,4.91,"We went over each location’s results for October and talked about the construction in Scottsdale as there will be a big push starting in January. I also asked for the updated GD schedules once everyone has moved into the single building so we can start planning for our teams. This will help us keep everyone in the loop and make sure we have the right staffing in place, including custodians.",Ethan thanked us for the open communication and all the great work happening at the sites.,GD is working on schedules and we should know more Q1 of 2026,12.5.25
18,11/6/2025 21:23,11/6/2025 21:57,anonymous,,Ben Ehrenberg,Account Director,Lockheed Martin,Throughout the week of 11/3 Mostly,"This month scorecards were done on a local level. Next month for the QBR we will have a general scorecard review with all hands present. All scorecard information was also sent to Rich Darling Sr. Mgr- Mountain Region Sites Lead.

King of Prussia - Ben Ehrenberg, Paul Amato, George White Facilities Manager, Matt Zimmerman Facilities Project Associate Manager - Follow up meeting scheduled with Tracy Carroll Facility and Operations Sr. Manager for week of 11/10

North Denver Metro - Raymond Johnson, Michelle Bickford and Bridget Sangiorgi Facilities Engineer STF

Deer Creek - Raymond Johnson and Andrew Beal Facilities Manager

Huntsville - Ben Ehrenberg, Shawn Hayes, and Randal Weddington Facilities Manager

Sunnyvale - Judith Sanchez, Al Barrera, and Kathi Johanson Senior Facilities Analyst. Second supplemental meeting with Jennifer Ventura Senior Facilities Analyst
 
Littleton - Chad Devlin, Michelle Bickford, and Bruce Olsen Facilities Manager

Aero - Ben Ehrenberg and Mike McKie Facility Operations Analyst",Every site scored a 5 this month,"The biggest part of each of these meetings was how we are planning for the return to work initiative for Lockheed Martin starting Jan 1st. We had a team meeting last week to discuss impact and our plans at each location, which we shared this week with each respective site. 

The most impacted for us is Huntsville where we order the supplies, and we agreed to increase the contracted amount by an additional $4,000 starting in January at the latest. 

In Littleton we were a little more technology focused, since we demoed a couple of larger automated machines last month. There is a need for some additional hires at this site, and we outlined our plan to bring in additional labor.

Sunnyvale we received complements for additional projects we helped with throughout the month.

Aero we discussed the timetable for allowing us to bid on additional sites. As of now they are looking at early next year, which was pushed back from the original plan of October.

North Denver Metro we had an extremely positive meeting where we received compliments specifically at our Spine Rd location, where we had previous received a failing scorecard. Huge shout out to Raymond Johnson and all of the work he has put in with Bridget between strategizing and execution.","Most of our feedback was overwhelming positive, outside of the need for additional hiring at Littleton. Lockheed Martin continues to be impressed with our ability to respond to adhere to our scope and quickly respond to Lockheed Martin's needs.","In Huntsville we submitted a quote for the increased supplies and scope, the next step is for Randal and Jeremy to provide an updated SOW + PO.

In Sunnyvale our SAM system needs an update. I engaged our 4insight team to fix and they claim they are working on it, but there is no timeline as of now. Once fixed we are making a bigger push with the help of Jennifer Ventura who will be placing new posters around campus.

In Littleton we are continuing to engage the security team about the automated equipment to make sure we are able to bring it on campus. We have sent over all the specs and are waiting for any additional questions. We completed the first round of testing for cleanroom data validation and submitted a couple changes to the 4insight team that we are waiting on responses.",12/3/2025
19,11/7/2025 4:28,11/7/2025 4:42,anonymous,,Mark Schlerf,Account Director,Lam Research,11/3 at 2:30p,Vince Herington; Todd Murphy; Anthony Del Signore (all CBRE),5.00,"Continued discussion on auditing; identified opportunities in lobbies, which will be watched more closely in joint walks moving forward.

Reviewed SOW audited %, celebrated strong performance so far, and committed to improved 6-mo performance with this metric.

Push for report-its in October, resulting in doubled work order volume for CBRE at Fremont. Opportunity with good catches (client goal 1/EE/mo, input into Client's RMWBA system) which we will focus on next month.

Implementation and client satisfaction with gownroom consumables program.","Lots of valuable data and trends. Like the format of seeing 3-4 areas of opportunity arising from 4insite data each month that we (CBRE/SBM) focus on moving forward. 
Appreciation shared all around for SBM performance on the account.","Boise finalized pricing - Mark S. by close of business
Org chart update - Mark S. by next weekly call
Audit rubrics - Mark S to share boiler plate document with Anthony for discussion, adaptation to Lam.
",12/1/2025
20,11/7/2025 9:55,11/7/2025 9:58,anonymous,,Jack Thornton,Account Director,Nike/NALC,11/7/25,"Cindy Hardin (POC, Facilities Manager) and Jack Thornton ",5,We covered all scorecard KPI’s. Mrs Hardin was agreement with all KPI’s. ,Mrs Hardin stay within the SOW and don’t let operations scope creep. ,N/A,Before the 10th of the month
21,11/7/2025 10:08,11/7/2025 10:10,anonymous,,Jack Thornton,Account Director,Nike/Adapt,11/7/25,"Cindy Hardin (POC Facilities Manager), Jack Thornton (Account Director)",5,We went over the entire scorecard for October. ,Mrs Hardin agreed with our scorecard and had no issues or concerns at this time,N/A,before the 10th of next month
22,11/7/2025 9:54,11/7/2025 11:08,anonymous,,Nick Trenkamp,Account Director P&G,P&G(JLL),11/6 10:30AM,"Trynai Baker (JLL Soft Service & Dining Manager)
Robert Lunsford (JLL Soft Service Lead)

",5,"Highlights:
- The portfolio joint audit score for October was 93.10%, with a slight increase from the average joint audit score of 92.85% in September.  The internal audit score for October was 91.64%, slightly up from 90.72% in September.
- Zero failed audits internal or joint.
- 77.14% of our frontline associates are meeting their KPI'S
- 97.5% Training compliance
- Continued High survey score from across the portfolio with an average of 4.4
- MBIC- CSAT score 4.75
- WHBC- Continued cleaning trial being performed with routes changing cleaning delivery.  This is a prioritized cleaning model.  Major focus on quarterly ATB works this month.  Preplan for site change with building demolitions and ZWTL talks.
- GO – The newly remodeled fitness center has opened to the end user this month with a huge increase in usage in supplies and cleaning demand.  Currently quoting additional head count to offset changes.  New employee, Issac Wallace has started at the GO this month.  Issac will be filling in the vacant ops coordinator role assisting site management.
- FHCIC – Continued improvements with the previous concern with M2-M3 route.  Site manager continues to retrain and inspect area to ensure no service issues.  Challenging month coverage for reception due to call offs.  Leadership was proactive in filling in gaps to ensure proper coverage.

- BRTC – Custodian lead assisted customer request to perform a deep clean of the BRB restroom area.  This space has seen a increase in odor and the SBM team conducted an ATB project to assist the concerns.  BRTC is currently reporting to AM during transition with vacant site manager.
Low lights:
-Vacant site manager role BRTC/MBIC
- Improperly inspected equipment 
- Staff call offs IVIC
- MBIC 86% Joint audit score.  Focus on detail cleaning residue on doors.
Personal:
-One Custodian and receptionist Needed at MBIC.
-FMLA employee out at the GO.  This has been extended until November.
-FMLA employee out at FHCIC.   Employee return date January 2026.
-MBIC/BRTC open operations coordinator.  
",The customer raised questions regarding some higher CSAT scores across the account.  Customer is aligned with all other metrics.,Customer to align with POC at each site to propose a realignment on overall grading in CSAT.  They emphasized that achieving a score of a 5 should represent a significant challenge and should be harder to obtain.  ,12/4/2025
23,11/6/2025 15:22,11/7/2025 11:20,anonymous,,Jennifer Segovia,Account Director,JLL Northrop Grumman,11.5.25 at 10am,"Elizabeth Becker JLL Strategic Sourcing Manager, Julie Horton JLL Sector Director for Defense Systems , Lance Moore JLL Sector Director for Space Systems , Jenna DeWert JLL Facilities Manager, Christina Richards JLL Facility Manager, Dave Seizinger JLL Sector Director for Aeronautics System",5,"We reviewed each location’s results for October and spent some time discussing the Dayton, Ohio sites, as they continue to be a key focus area. The decision to add an additional day porter is proving to be the right move based on the positive feedback NG has been sharing with both SBM and JLL.

We also talked about the new OKC location. JLL is currently working with NG to finalize the lease details. The tentative start date is November 17th, but JLL will confirm once everything is settled. ","Overall, all JLL points of contact shared that they’re very pleased with how SBM is performing across our locations and expressed their appreciation for everyone’s continued hard work.",Dave Seizinger with JLL is working on getting us an accurate start date for the new OKC location,12.5.25
24,11/7/2025 12:07,11/7/2025 12:43,anonymous,,Taylor Wattenberg,Account Director,Microsoft Puget Sound,"November 6th, 2025","BJ Singletary, Managing Director (Head of CBRE Puget Sound), Jerome Velhagen (CBRE PS Program Manager)
",5,"During our meeting, we focused on two key quality topics. First, we reviewed Joint Audits, highlighting the positive trend and six months’ improvement in scores. Second, we examined complaint data, which continues to show consistently low numbers. The main reason for talking through these trends was to establish a clear source of truth that reflects how our quality performance is perceived by the client in relation to the contractual scope. ","Overall, the feedback on our onsite service has been overwhelmingly positive, with no major concerns impacting client perceptions.","We are continuing to refine the scope for two new buildings, EC1 and B2. A review is scheduled for November 10 to discuss key findings and proposed adjustments.","December 4th, 2025"
25,11/7/2025 13:45,11/7/2025 13:50,anonymous,,Justin Dallavis,Account Director,Boeing,11/7/2025,"Brett Crawford, and Natalie Ang",4.79,"Next QBR - will be in Jan.  They are looking to revamp how they utilize QBR so more to come.  potential wage increases and how they would like to receive that information.  ESRC in Everett.  More sites coming to bid and potentially coming to SBM, more info coming in Jan.  All sites are great just need to continue working on Huntsville.  Mike Fernandez will be coming onto the JLL team soon and will be my new main contact as structures are changing within JLL",Compliments on the work in Huntsville for cleaning during the Family day.  Called a trusted strategic partner.  Happy with all of our work and progress,CR amendments for Mesa and Wage increase breakdowns,12/5/2025
26,11/9/2025 15:08,11/9/2025 15:15,anonymous,,Peggy Shum,VP,Deutsche Bank,11/5/2025,"Mike Schroder, Senior Director of FM
Keith Hylton, Senior FM
Tristan Testagrose, FM 
Melissa De Leon, AFM",3.75,"The CSAT score notably improved, with Keith Hylton scoring 4.25, citing “constant improvement over the past few months.”
The Joint Audit KPI averaged 3.91, with a family emergency on 10/31 preventing a scheduled audit that might have raised the overall score above 4.0.
Validated key corrections were completed on 10/24 (score 4.06) after a failed audit on 10/10 (score 3.79).
CBRE commended SBM’s ongoing projects and event coverage improvements; the new whiteboard system improved visibility, coordination, and task delegation.
Operational challenges included a transition to DB email accounts for compliance and an IT system upgrade, which led to some missed or delayed audits (also overlooked by CBRE). These issues have since been resolved.
Overall, it was a positive review with continued strengthening of the relationship between SBM and CBRE through open communication and steady improvement.","CBRE praised continued progress and event coverage, highlighting improvements from the new whiteboard system that enhanced coordination and scheduling efficiency.
Some concerns were raised regarding the missed audit due to the IT system upgrade and email transition, though these were acknowledged as resolved.
Feedback emphasized appreciation for transparency, steady improvements, and teamwork.","Audit Catch-Up: Validate all audits missed during the IT/email transition (Owned by site FM team – Target: within November).
Safety & Compliance: Maintain momentum toward meeting the 4.0 threshold; ensure future audits remain on schedule (Owned by Keith Hylton).
System Stability: Continue monitoring the DB email and IT systems to prevent recurrence of missed audits (Owned by SBM/CBRE joint oversight).
CSAT Tracking: Maintain and document customer satisfaction progress monthly (Owned by Melissa De Leon).",12/5/2025
27,11/9/2025 15:15,11/9/2025 15:20,anonymous,,Berenday Escamilla ,Area Manager,USAA,11/6/2025,"John Ellis 
David Campos",4.12,"safety: 158 recordable-free days achieved; discussed outcomes from the 2nd Safety Committee meeting focused on cross-contamination of chemicals.HR: Staffing level at 99.2%, with recruiting described as active and productive. 9 job offers were made at the recent job fair, which was deemed a success.Projects: Preparations are underway for the BSB Fitness Deep Clean scheduled toward the end of the month.Operations: All new hires are being trained immediately upon onboarding to ensure long-term retention and process consistency. Support teams successfully managed special events and adjusted schedules as needed.4insite Performance: Audit scores remained above target, with 179 to-dos created and 172 closed, indicating high task closure efficiency.","CBRE shared positive feedback recognizing SBM’s responsiveness, strong staffing levels, and readiness for major cleaning projects.
They expressed appreciation for proactive communication and team flexibility during multiple special events.
A single compliment was logged through 4insite, reflecting client satisfaction.
No formal concerns or complaints were raised during the review.","The team will finalize and execute the BSB Fitness Deep Clean plan by the end of November. HR and site leadership will continue employee engagement initiatives, including Thanksgiving meals for both AM and PM shifts later this month. SBM will also partner with CBRE to define and formalize measurable MBR output metrics in early December. Finally, the site FM will maintain oversight of audit performance and task closure rates to ensure ongoing operational consistency.",Dec-25
28,11/9/2025 15:20,11/9/2025 15:23,anonymous,,Colleen Doles,Account Director,Wells Fargo-JLL,11/7/2025,Edina Lemo and Jim Moore,3.8,"As JLL has only recently assumed ownership of the contract, this review served as a high-level orientation and introduction to the portfolio. Discussion centered around Las Colinas (LC) and West Des Moines, IA locations.
At Las Colinas, the team reviewed the breezeway pacers, which are not within SBM’s scope, and clarified ongoing responsibilities.
In West Des Moines, the focus was on the failed SAT previously received from Briget, who has since remained with CBRE on the WF Retail side.
The meeting also included updates on the transition progress, early positive impressions of SBM’s team performance, and the goal of strengthening site partnerships under JLL’s new management.","JLL shared that they are already seeing positive outcomes from SBM’s involvement at Las Colinas, noting visible improvements within the first month.
Cynthia was specifically commended for her leadership and collaboration.
JLL acknowledged that while they are still transitioning their newly acquired team, they are pleased with SBM’s team and the partnership potential.
In Des Moines, they reiterated the need for stronger collaboration and communication moving forward.
While still cautious with Jim and Edina, JLL appears open to continued partnership and has shown early signs of trust-building.","SBM will continue reinforcing positive outcomes and partnership wins during the JLL transition period. The team will clarify the scope at Las Colinas, ensuring alignment on responsibilities.
At West Des Moines, SBM will focus on rebuilding partnership trust and improving communication under Jason’s oversight of all IA locations.
Ongoing engagement and transparency will remain priorities to strengthen collaboration with Jim, Edina, and the wider JLL team.",Dec-25
29,11/9/2025 15:35,11/9/2025 15:41,anonymous,,,Abbottt,Abbott,"11/5/25, 3:30pm (CST)","Tony Garcia, Category Manager- Global Procurement",4.86,"Performance continues to remain stable across the portfolio with a few misses that impact scores. 
Provided an update on the 2026 Statement of Work contracts. 
Recap of this week's side visits to Tipp City, Columbus Plant, Columbus Division, Abbott Park, and Des Plaines","Pleased with consistent results but wants to make sure I continue to monitor and support sites with failed KPI's, with Santa Clara AV top priority",Present Tony ideas to refresh QBRs. ,Dec-25
30,11/9/2025 15:42,11/9/2025 15:48,anonymous,,,,Biogen,11/5/2025 at 11:30,"Rafaed Ortiz- Account Manager
Julio Tejeda- Director Ops
Emily Alvarado- Quality and Compliance Manager
Julian Rosario- Account Manager 
Timothy O'Donnell- Sr. Faciliites Manager 
Linda Koonce- Custodial Manager 
Lee Johnson- CBRE Director ",4.67,"The October scorecard meeting was brief, about 15 minutes, but very positive. The results showed good performance across all sides, with a 4.67 average score for the account: 
Cambridge: 5.00
RTP Pharma: 4.38
RTP Bio: 4.63 ","CBRE leadership acknowledged that the current scores now better reflect the actual quality of work being delivered. Timothy O' Donnell specifically noted that earlier in the year, there were concerns that the data didn't align with on-the-ground performance. He expressed appreciation for the progress made and the improved accuracy of reporting. ",N/A ,Dec-25
31,11/9/2025 15:49,11/9/2025 15:54,anonymous,,,,Bayer,11/7/2025,"Bayer Chesterfield Monica Wheatley, FMP
Soft Services Manager 

Bayer Creve Coeur Dan Flores
Soft Services Manager 

Bayer NJ John Giordano 
POC",4.95,"Overall, all sites reported strong feedback and strong operations. Teams are proactively preparing for winter conditions and aligning on upcoming projects focused on employee engagement and enhanced building care. Even though one site is slightly short on staffing, service levels remain stable through effective planning and team collaboration. The collective focus on readiness, communication, and ownership continues to strengthen site performance across the portfolio. ","Customer feedback across all sites has been very positive. Clients have recognized the teams' consistency, attention to detail, and responsiveness to requests. Several highlighted noticeable improvements in overall presentation and communication. The feedback reflects strong collaboration between site teams and leadership, reinforcing confidence in our service quality and daily execution. ","NJ- Uniforms Standard presentation 
Creve Coeur- Quartey project list 
Chesterfield- Holidays Coverage ",Dec-25
32,11/9/2025 15:54,11/9/2025 16:03,anonymous,,,,Johnson & Johnson JLL,11/7/2025,"Estela Saavedra LATAM Procurement 
Juan Diaz Direction of Operations
Kevin Villalobos Procurement 
Jovan Nunes POC Anasco",4.98,"The recent review of joint audits and scorecards across all buildings reflected a strong alignment between operational execution and client expectations. The comprehensive audit coverage has allowed us to identify cross-site trends, reinforce consistency, and ensure that every building meets the same high standard of quality. 
The targeted audit approach continues to be a key driver in performance improvement. By focusing on high-impact areas and recurring findings, we've been able to address root causes rather than symptoms-enhancing both efficiency and long-term sustainability. 
In addition, the route adjustments and on-hand training sessions implemented this quarter have proven effective in increasing visibility, optimizing labor distribution, and promoting team accountability. These actions have not only improved daily execution but also strengthened our overall readiness for audits and VIP visits. ","Consistency has been a key differentiator across all states, reflected in both performance and communication. JLL and J&J have expressed strong satisfaction with the steady progress and visible improvements in service delivery. They remain encouraged by the team's commitment and are supportive of continuing to push forward with new initiatives that strengthen quality, efficiency, and the overall customer experience. ","Key Actions & Ownership 
San Lorenzo: Headcount increase under review. Owner: E. Saavedra

Añasco: Updated 2026 cost proposal to be finalized. Owner: E. Saavedra

Campus:

Contract and PO for 2026 pending J&J confirmation. Owner: E. Saavedra

4insite access reminder and link distribution to Facility Managers. Owner: I. Calderon

Quality Manager item closed. Owner: F. Velasco – Completed

Sustainable plan presentation scheduled for November 10. Owner: I. Calderon

All Sites:

JLL has not yet received formal approval from J&J for 2026. Discussions continue to ensure written confirmation as part of contract extension efforts. Owner: JLL / E. Saavedra

SBM to provide full 4insite access for all JLL POCs. Owner: I. Calderon
",Dec-25
