ID,Start time,Completion time,Email,Name,Last modified time,Who is your FM?,Name of Account/Portfolio,Date/Time of Scorecard Review?,"Who attended your Scorecard Review?
Names and titles of all external and internal attendees.",What was the overall Scorecard Score?,"Summary of Review
What did you cover during the review? Please provide a brief summary of what was covered.

","Customer Feedback

What was the feedback from the client -- include any concerns and compliments shared and who shared it.
","Action Items/Follow Ups

What action items/follow ups came out of the meeting? Who owns them and agreed upon timelines?
"
24,11/5/25 10:31:02,11/5/25 12:55:01,anonymous,,,CBRE,BI,11/5/2025 12pm est,"Dean Selna (CBRE AD)
Zach Shock (SBM AD)
John Hubbard (CBRE Americas Quality & Compliance)
Pat Murtha (CBRE AM)
Chelsey Mackowski (CBRE Procurement) ",,"The BI scorecard overall was a 4.53/5
The failing site was BI Fremont. We failed our internal audits and the CSAT. We have multiple challenges at this site that we are working towards a solution with CBRE & BI. One easy fix would be adding a night custodian this would allow the floor tech to perform the FT duties. This was verbally approved by CBRE (Jim Black) /BI (Ryan Stephenson) but is not being contested because of the cost increase. 

New site manager at Fremont is working on getting his BI laptop and access to their system so we can oversee the GMP program. Harjot has been requesting access since July. This is being addressed by CBRE. 

Communication from the CBRE team at Fremont was also discussed. I send e-mails & follow ups that need answers and no one responds to them. ","Dean wants me to invite all of the POCs for each site to these calls moving forward. This has been completed. 

Dean is following up with BI to get SBM access to the elogs. John is working on it with Dean. John put together a timeline that started July 5th and he put that he and Harjot needed access. ","I have set up an internal meeting on Tuesday the 11th. 

We have another meeting with BI/CBRE to discuss what is needed and how we can optimize the GMP and Janitorial Program at the Fremont site. Sean, Dan, Andy & Mike are all engaged.

CBRE is scheduling this meeting.

Harjot and Zach to work on a list of who needs what access at the Fremont site. "
25,11/5/25 13:31:26,11/5/25 13:51:14,anonymous,,,Sodexo,Merck,11/5/25,"SBM - Dave Pergola, Orlando Suarez, Brian Davis
Sodexo –Cindi Aki, Armond Banks, Rossana Vadala
",3.5,"Reviewed Safety Incident Mitigation, Performance and Audit Alignment, and review of Scorecard metrics. Also discussed Consumable Stock Management and Usage Analysis and upcoming projects. Follow up form sent to customer.","•EHS safety incidents remain a high-profile concern for Sodexo.
•A mitigation plan is being developed following Kevin Schmied’s departure from SBM.
•Proposal to add a dedicated “Safety” category to the complaint tracking system to improve visibility and response.

Internal Scorecard Review
•Orlando will coordinate Sodexo internal scorecard review sessions.
•Armond will provide the attendee list to ensure appropriate representation.
•There is a need to align both scorecards, so we are working towards the same metrics between SBM & Sodexo. 

Performance & Audit Alignment
•Sodexo has expressed concerns that internal audit scores do not accurately reflect on-campus performance, despite agreement on scoring methodology.
•Rossana Vadala has requested a realignment of KPI objectives, which will be reflected in upcoming site work releases.
•Agreement reached to increase joint audits from once to twice monthly to enhance transparency and collaboration.","QR codes - can they be implemented like SSF? Need to implement service validation tool moving forward. Marvin to provide example by 11/14.

Holiday decoration set ups to be completed by 11/21/25 and to be removed by 1/11/26.

Task Owner: Dave Pergola and Orlando Suarez
Target Completion Date: 11.30.25 		
"
26,11/5/25 18:37:19,11/5/25 18:43:10,anonymous,,,Direct (none),Abbott,11/5/25 @ 3:30pm (CST),"Tony Garcia, Category Manager - Global Procurement",4.86,"Performance continues to remain stable across the portfolio with a few misses that impact scores. 

Provided an update on the 2026 Statement of Work contracts.

Recap of this week's site visits to Tipp City, Columbus Plant, Columbus Division, Abbott Park, and Des Plaines","Pleased with consistent results but wants to make sure I continue to monitor and support sites with failed KPI's, with Santa Clara AV top priority",Present Tony ideas to refresh QBRs. 
27,11/6/25 10:23:53,11/6/25 11:07:05,anonymous,,,CBRE,IQVIA,11/6/25 - 9:30am,"Samatha Craig - CBRE Strategic Sourcing Manager
Joseph Gilbert - CBRE Facilities Manager
Katie Kumple - CBRE Facilities Manager
Malia Ramsuesn - CBRE Facilities Manager
Bryan Hughes - CBRE Facilities Manager

Pat Murtha - SBM Account Manager
Lenin Alejo - SBM Site Manager",4.75,"We reviewed the Score Card for the Account as a whole, then we went through each of the three sites with scorecards from October. We looked at the two sites that were transitioned in October.  Each site reported no issues, and everything is going fine. We discussed improving communication between CBRE and SBM so we are aware of special events at the site so we can pro-active vs. reactive","Feedback was positive, and no concerns were brought up. Samatha thanked SBM for its support and quick responses and follow through when an issue arises.",Samatha from CBRE instructed the Facilities Managers for the Marietta and Durham sites to develop a schedule of events for SBM and update it on a regular basis.
28,11/6/25 11:48:46,11/6/25 11:59:44,anonymous,,,Direct (none),Fluor( Lebanon),11/4/2025,"Jennifer Lough (Assist Site Manager), Michael Mettert (SBM Site Manager), Earl Kinslow (SBM Site Supervisor), Seth Nycom ( Sr. Facility Site Manager), and Chad Boulton (Sr. Director Global Accounts).",5,"ACHIEVEMENTS:   

Contract resolution for February/March
Site profile updated to reflect new trailers added to trailer city west
Audits conducted on additional trailers added to site profile
PO update approved for additional second shift employees

CHALLENGES: 

Staffing for second shift
Red line for contact extension
Wage for second shift staffing; currently at $15-15.65

NEXT 30 DAYS:

Second shift staffing and go live
Fluor contact and PO completion; redlines being worked through with SBM legal and contract managers for Fluor",Client feedback was positive with nothing major to report. ,Redlining updates to the contract proposal. David Whitehead is owning the conversation to SLT. 
29,11/6/25 13:25:49,11/6/25 13:45:40,anonymous,,,CBRE,Biogen,05Nov25 at 11:30,"Rafaed Ortiz - Account Mgr.
Julio Tejeda - Director Ops
Emily Alvarado - Quality and Compliance Mgr.
Julian Rosario - Account Mgr.
Timothy O'Donnell - Sr. Facilities Mgr.
Linda Koonce - Custodial Manager
Lee Johnson - CBRE Director",4.67,"The October scorecard meeting was brief—about 15 minutes—but very positive. The results showed good performance across all sites, with a 4.67 average score for the account:

Cambridge: 5.00
RTP Pharma: 4.38
RTP Bio: 4.63

","CBRE leadership acknowledged that the current scores now better reflect the actual quality of work being delivered. Timothy O'Donnell specifically noted that earlier in the year, there were concerns that the data didn’t align with on-the-ground performance. He expressed appreciation for the progress made and the improved accuracy of reporting.",N/A
30,11/6/25 14:48:59,11/6/25 15:18:41,anonymous,,,JLL,Cardinal Helth,11/6/2025 2pm,"Gil Marcum - JLL VP Operations
Carlo Avellan - JLL Regional Manager
Amy Williamson- Strategic Sourcing Specialist
Pat Murtha - SBM",4.95,We went over safety and highlighted only one of our sites has ever had a recordable and that was nearly 3 years ago. We reviewed the Site Score cards and paid particular attention to the Greenwood SC site that had failing CSAT scores. The failed CSAT was related to complaints in for Out of Scope. There is a call tomorrow afternoon with SBM and JLL and the Site to align on the SOW and any misses. We discussed some concerns over SBM seeking additional pricing for site that are currently sub-contracted and the reason for SBM doing this.,"Concern was raised over the process of SBM seeking additional pricing options at sites that are currently subcontracted. In addition, there was a concern over the process at the Baltimore site. Vanguard was reached out to by our Procurement team and instead of waiting for SBM to coordinate the visit at the local site they showed up on their own.","Sub-Contracted Sites - Visit by potential suppliers must be coordinated by SBM at the local level.  Pat Murtha to ensure that the local leaders coordinate with the suppliers and the Cardinal Site before any visits take place - I called the two Area Managers (Baltimore, Denver areas) at 2:45pm today"
31,11/6/25 17:40:17,11/6/25 17:57:54,anonymous,,,JLL,Lonza Biologics Vacaville,11/5/2025,"Participants: 

JLL- Brandon Hayden (POC Soft services Manager)  
JLL – Christy Martin (Quality Manager) 
Lonza – Lauren Nucum (POC Senior IFM Program Manager) 
SBM - Saint Junco – Ramirez (Quality Manager)  
SBM - Jomeriza Estose (Auditor/Planner) 
SBM – Theodore Domingo (Site Manager) ",5,"Summary of Discussion: 

Performance Overview: 
The monthly review for October has been presented to the customers. We navigated through 4insite to share October data on Good Catches/Report-its, Building Audits, Associate Audits, Complaints, Compliments, and Scorecard comments to highlight Achievements, Challenges, and Next 30 days.  

Details discussion of Report-its, including actions for escalating leaks throughout processing areas, these are to be assessed with QA for impact.  

Several joint audits in Oct with good overall scores 

A compliment was received on behalf of Phil for doing a great job in his building 4 route, this was not captured on 4insite for October and will be captured in November 

Other Discussion Points: 

Ethics training: Talk to Andrea regarding assigned ethics training for team – JLL was able to get training removed as they have equivalent training  

Low speed project work: B1 3rd floor Return – Floor looks good, thank you for continuing this work  

End of the year wrap up on periodical cleanings: Need to confirm that there will be no issue in completing the annual cadence. 

Look into coordinating low speed projects in processing rooms during shutdowns – this would take place prior to the RTS 

ATB Tracker – Brandon wanted to confirm that the time for discarding pallets is being added to the ATB tracker to bill through. We confirmed that yes, we have it listed and will create the work order for it.

WI0974 update: Begin to pull data for impact to operations (Time and cost), we know that cycle times will increase outside of SOW

Align steps in WI to present to Lonza QA and schedule Gemba if needed  

Ocrevus 2.0 Mock inspection will be taking place December 3rd-5th, the team will start preparations.

Gilead Due Diligence Quality Audit confirmed for Dec 15th-16th 

WO aging queue is 14 days, the best is the customer continues to give the SBM team kudos on these cycle times

 
","Customer Quotes:  

Brandon Hayden (JLL POC) complimented Phillip Nieth: ""he is doing a great job maintaining the MRO area and is appreciated"". ","Action Items: 

Redline WI0974 to realign steps for drain cleaning and present to CCT (Cleaning Core Team)

Task Owner – Redlines: Saint Junco 

Task Owner – Pull data for impact to operations (Time and cost): Thed Domingo. 

Follow up and confirm that Annual cleanings will be met, we are closing in on the end of the year  

Task Owner: Jomeriza Estose 

Target Completion Date: 30NOV2025 
"
32,11/6/25 17:58:25,11/6/25 19:41:19,anonymous,,,JLL,Genentech HIT,03NOV2025,"Genentech HIT: Scorecard Review took place on 03Nov2025  

Participants:  

JLL Steven Tausch: soft services lead  

JLL Jose Gomez: hard services lead  

JLL Matthew Felzien: senior director, facilities management  

SBM Derek Arnold: Site Supervisor ",5,"The team discussed a performance overview, which includes: all associates passed all of their key performance indicators for October (Comes to work on time, follows company policies, follows safety procedures, reports maintenance issues, has professional attire and attitude, performs quality work, 100% training compliance, and avoids customer complaints).  Went over a challenge with a limited quantity of sterile gloves for the GMP space.   ",Customer feedback: “Outstanding achievement of 1613 days recordable free”,"Opportunities Identified: 

Discuss sterile glove limited quantity in the manufacturing space - Genentech is working with vendor to increase quantities.
"
33,11/7/25 9:29:58,11/7/25 12:14:29,anonymous,,,JLL,Bayer,12/7/205,"Bayer Chesterfield Monica Wheatley, FMP
Soft Services Manager

Bayer Creve Coeur Dan Flores
Soft Service Manager

Bayer NJ John Giordano
POC ",4.95,"Overall, all sites reported strong feedback and smooth operations. Teams are proactively preparing for winter conditions and aligning on upcoming projects focused on employee engagement and enhanced building care. Even though one site is slightly short on staffing, service levels remain stable through effective planning and team collaboration. The collective focus on readiness, communication, and ownership continues to strengthen site performance across the portfolio.","Customer feedback across all sites has been very positive. Clients have recognized the teams’ consistency, attention to detail, and responsiveness to requests. Several highlighted noticeable improvements in overall presentation and communication. The feedback reflects strong collaboration between site teams and leadership, reinforcing confidence in our service quality and daily execution.","NJ- Uniforms Standards presentation 
Creve Coeur - Quartey project list  
Chesterfield - Holidays Coverage "
34,11/7/25 13:30:27,11/7/25 13:58:03,anonymous,,,JLL,J&J JLL,11/7/2025,"Estela Saavedra LATAM Procurement 
Juan Diaz Director of Operations 
Kevin Villalobos Procurement 
Jovan Nunes POC Anasco",4.98,"The recent review of joint audits and scorecards across all buildings reflected a strong alignment between operational execution and client expectations. The comprehensive audit coverage has allowed us to identify cross-site trends, reinforce consistency, and ensure that every building meets the same high standard of quality.

The targeted audit approach continues to be a key driver in performance improvement. By focusing on high-impact areas and recurring findings, we’ve been able to address root causes rather than symptoms—enhancing both efficiency and long-term sustainability.

In addition, the route adjustments and on-hand training sessions implemented this quarter have proven effective in increasing visibility, optimizing labor distribution, and promoting team accountability. These actions have not only improved daily execution but also strengthened our overall readiness for audits and VIP visits.","Consistency has been a key differentiator across all sites, reflected in both performance and communication. JLL and J&J have expressed strong satisfaction with the steady progress and visible improvements in service delivery. They remain encouraged by the team’s commitment and are supportive of continuing to push forward with new initiatives that strengthen quality, efficiency, and the overall customer experience.","Key Actions & Ownership

San Lorenzo: Headcount increase under review. Owner: E. Saavedra

Añasco: Updated 2026 cost proposal to be finalized. Owner: E. Saavedra

Campus:

Contract and PO for 2026 pending J&J confirmation. Owner: E. Saavedra

4insite access reminder and link distribution to Facility Managers. Owner: I. Calderon

Quality Manager item closed. Owner: F. Velasco – Completed

Sustainable plan presentation scheduled for November 10. Owner: I. Calderon

All Sites:

JLL has not yet received formal approval from J&J for 2026. Discussions continue to ensure written confirmation as part of contract extension efforts. Owner: JLL / E. Saavedra

SBM to provide full 4insite access for all JLL POCs. Owner: I. Calderon"
35,11/10/25 7:24:09,11/10/25 7:52:17,anonymous,,,CBRE,Merck/CBRE- All Sites,06Nov2025,"Justin Homa- AD
Karen Gresh- Merck- Cherokee POC
BC Faussett- CBRE- WP MMD Sr. FM
Chuck Winters- CBRE- Cherokee FM
Julie Ramirez Salome- Merck- Upper Gwynedd POC
Robert Shine- Merck- POC All Sites
Yaritza Luciano- SBM Sr Site Manager
Brian Davis- SBM Sr AD
Sean Macauley- Merck- WP GWES POC
Herb Bean- CBRE- Sr FM Upper Gwynedd
Brandon Krause- SBM- WP Project Manager
Beth Devinney- SBM - Lilly Account Manager
Amy Sharp- Merck- West Point MMD POC
Paul Botto- SBM- WP Site Manager
Douglas Argueta- SBM- UG/NW/SHIP Site Manager
Michon Blake- CBRE- Upper Gwynedd FM
Dave Stauffer- SBM- Safety
Timothy Mengle- SBM- Cherokee Site Manager
Ed Siegler- CBRE- Springhouse FM
Sandra Delcid- SBM- Durham Site Manager
Lucas Johnson- Merck- West Point GWES POC
Stephen Parente- CBRE- Regional Safety Manager
",5,"Reviewed Scorecard Results, diving into each scored KPI, from all 7 Merck/CBRE Locations. Initial review lasted 25 Minutes. Used remaining 20 minutes to review the Asset Management program, shared route building and the granular data used to cover 100% of SOW, and dove into statistically data of SOW audited through the first month in Q42025.","Both Merck (WP POCs) and CBRE (UG POCS) were very interested in the Asset management program we are building, along with the ""information in one place"" approach. Same POCs were not aware of the granular information that goes into our route building program and complexity around moving/changing routes. No issues were brought up, and only thanks received during KPI reviews.","Follow-up with CBRE Safety to share our Asset Management initiative. This may be considered an innovation and assist CBRE to achieve some credit towards their 2026 goals. Justin Homa Owner- Q12025
"
36,11/10/25 11:24:20,11/10/25 11:46:06,anonymous,,,CBRE,Takeda (CBRE),11/07 @ 11:00AM,"Joseph Seaver Regional Facilities Manager CBRE
Stephanie West Global Category Sourcing Manager (CBRE)
Julio Tejeda Operations Director (SBM)
Darin Goodwin (EHS Manager CBRE)
Monica Kolconay Assistant Manager (CBRE)
 ",4.85,"Overall performance.
Service reduction in CTFM Takeda Central SQ decommissioning of the GMP program.
RFP progress 
Savings initiatives ","Monica Kolconey Bannockburn mentioned that progress has been made at Bannockburn with the newly added resource, more streamlined services are being observed.  ","ISN ""C Score"" what is SBM doing to correct."
37,11/10/25 12:26:51,11/10/25 12:52:26,anonymous,,,CBRE,Eli Lilly,11/7 1:30PM,"LKC
Attended by Nick Perry (Site Lead), Ericka Najera (Soft Services Coordinator) Wendy Struebing, Chad Boulton

Concord
Attended by Pat Williams (Site Lead), Pricilla Nazario ( Customer Experience Supervisor) Stacy Harris (GMP Supervisor) Ebi Roche, Zach Crawley, Chad Boulton


RTP
Attended by Jeff Allamon (Site Lead and Latoya Goolsby (Supervisor), Ebi Roche, Bryan Tilley, Mabel Beltran



BOS - rescheduled to 11/10",RTP:5   Concord:4.88   LKC:4.0 BOS 5.0,"LKC
Attended by Nick Perry (Site Lead), Ericka Najera (Soft Services Coordinator)
- Overall comments of the meeting were positive, we reviewed our negative survey and complaints and Nick Perry shared that he believes once we have our new service model in place we should see a decrease in the negative feedback. CBRE shared that our model was approved and our team should be receiving the PO for the new service model the week of 11/10.

Nick and Ericka commented on our site lead Fran who is always extremely helpful. We shared the compliments section and Ericka committed to sharing feedback on Fran because she said she always gets emails and texts complimenting her service. Shortly after the meeting, Ericka forwarded an email with some positive feedback on her.

We also reviewed our 4i process on To-Do's and report its. The site went mobile last month so really starting to see an increase in the numbers. Nick is very data driven and encouraged the use of the tool to show these items. SBM shared that our new Site Manager had been offered a role and is expected to start the week after Thanksgiving. Area Manager Wendy Struebing has a great relationship with this team and carried the meeting with a great tone. We are looking forward to increasing staffing and improving our overall scorecard results.

Concord
Attended by Pat Williams (Site Lead), Pricilla Nazario ( Customer Experience Supervisor) Stacy Harris (GMP Supervisor)

Overall the scorecard meeting was very positive. Our audit scores, complaints, compliments and corrections have all shown positive improvement over the last 2 months. 

We discussed recent issues reported in GMP adjacent stairwells, where the SBM team has began to complete daily spot checks and weekly audits after the weekly cleaning has been completed. These spaces have been high priority recently as the site has had high occurrences with Bug Findings and these stairwells have exterior doors. SBM will be implementing a sign off sheet to show action completed on the stairwells after cleaning has been conducted.

We also reviewed the log book corrections as we had 21 (threshold of 35). Pat Williams had called this out and we explained that these are largely internally corrected items during our log book checks after each shift. There were not any log book errors that lead to deviations last month. SBM quality team will also be on site the week of the 10th to continue to work with our teams, and we would like to continue to see this metric improve. 

CBRE had also brought up the desire to see report its submitted for areas such as conference and huddle room walls that have marks on them beyond our ability to clean. SBM agreed to partner with them on this and have sent out a 4i message as well as discussing during daily team chats and interactive audits. 

RTP
Attended by Jeff Allamon (Site Lead and Latoya Goolsby (Supervisor)

Scorecard review was extremely positive, our GMP Supervisor Mabel Beltran again received extremely positive feedback as she is a key part of the sites success. 

We discussed the upcoming shutdowns and partnering with CBRE to understand their project schedule so we can coordinate our cleaning in some areas after they are completed for best results. 

CBRE also shared that they will be issuing many ATB opportunities in December and January for continued projects on site. Site manager Bryan Tilley and Mabel both have an outstanding relationship with the CBRE team, and the 4i walk through was very positive. 

BOS - rescheduled to 11/10",Feedback included in the section above.,"- LKC - Onboard to new staffing model once new PO has been received

-CON - Continued monitoring of external stairwells
          - Increase in report its for marks on walls in                             conference rooms and huddle spaces
          -Hire/onboard new Site Manager"
38,11/10/25 16:44:08,11/10/25 16:47:44,anonymous,,,Direct (none),Genentech HTO,11/6/2025,"Participant Name 1 – Gail Sundita, Senior Facilities Coordinator
Participant Name 2 – Claudia Real, Site Manager
",5,"The October Site Scorecard was discussed with POC on 06Nov2025 at 05:00PM for both programs, GMP and Custodial. We met in the conference room and presented scorecards through 4Insite.","During our meeting we discussed the cubicle project in B1, Second Floor, which Site Manager is helping Project Manager, Christy Pierce. Claudia is working with her team (Juan, Custodial Supervisor and maintenance techs) on this project. During the discussion for this project, it was discussed needing more help as this is a FT project. POC mentioned that maybe SBM can get a “Temporary” admin for this project. POC said to hold on it, until she discuss further with her boss.

","There were not many challenges for October, only the lack of laptops in B2 for MES."
39,11/11/25 9:37:56,11/11/25 9:55:24,anonymous,,,JLL,Amgen,10/6/25,"JLL Sr Ops Manager Andrew Peterson
JLL Finance Manager Lori Capel
JLL Sr FM for Thousand Oaks Derreck Lau",4.85,"-Positive review focused on partnership at Thousand Oaks to resolve joint issues like water features and standardizing communication through text. 
-The implementation of autonomous vehicles at New Albany. 
-Shutdown plans across the portfolio for Thanksgiving and the week of Christmas. 
",Great appreciation for all the events we supported at Thousand Oaks. ,"-Implementation of autonomous cleaning devices at New Albany. 

-New Jr managers have been hired at ATO by JLL to help with user experience. We are working with our POC at this site help encourage these new Jr managers to streamline communication and leverage the sites work order system. 

-JLL to send out meeting invites for shutdown plans. 
"
40,11/11/25 18:30:33,11/11/25 20:02:22,anonymous,,,Direct (none),Gilead,11/05/2025 - 1pm,"Miguel Melendez - Site Manager
Joshua Grady - AD
Jim Hernandez - POC, Sr. Facilities Manager",5,"We revisited the initial failed CSAT from Jim (3.75), and specifically, confirming what we've done to address the issues he commented about.  Also discussed developing a Kanban system for inventory of chemicals and consumable supplies to help reduce space needed for storage (they are demolishing several buildings this month to build another) in the coming months.","Jim said that he was happy with our performance lately and wanted to ensure we stayed vigilant on keeping up condition of B324 labs, stating that we may need to increase frequency of cleaning if expectations of Kite staff requires a higher level than other labs on campus.",Develop Kanban system for supply storage.
41,11/11/25 20:02:28,11/11/25 20:08:31,anonymous,,,Direct (none),Gilead Oceanside,11/5/15 @ 11am,"William Bravo - SM
Joshua Grady - AD
Darko Radovanovic, Director, Biologics Manufacturing Support Ops.",5,"We discussed expansion of wellness program on site, the launch of new manual waste sorting operation, and beautification project of B400 in anticipation of lease ending.  ",Very positive meeting with Kudos given for supporting many high profile events and also the cleanout of B500 in anticipation of move out.,Continuing decommissioning of buildings 400 and 500.  Providing full event support of Biologics Tech Event workshop.
42,11/17/25 10:56:51,11/17/25 11:19:28,anonymous,,,CBRE,Novartis,Wednesday November 12th 2pm,"Michael Barry-Sr. Account Director
Elizabeth Ramirez-Sr Site Manager
John Courville-CBRE Alliance Director ",5.00,"Quality Update and Review
Staffing Update
Review of Thanksgiving Event support needed
Planning of end of year projects (billable and non-billable)
Exit strategy for Cambridge and East Hanover sites at end of year as we move to a direct model and away from CBRE
",Great feedback and very complimentary of how well we have supported CBRE and Novartis as a partner. ,"Introduction meetings scheduled for the sites which will be moving to a direct relationship on 1/1/26.
Cambridge meetings (in-person) week of 12/1
Quantify consumable spend and volumes for SBM management under new relationship

"
43,11/17/25 11:19:31,11/17/25 12:40:14,anonymous,,,JLL,BMS,Thursday November 13th 9am,"Michael Barry
Katherine Malagiere-JLL Sr. Director of Operations
Margarita Diaz-JLL Regulated Service Manager
Chris Hadvab-JLL Strategic Sourcing Director",4.90,"Quality Review
Safety Review
5S Program update
Steps to Finalize Contract Amendment 
Janitorial Initiative Post-Implementation Status
Transition Lessons Learned
CTC expansion pending at Lawrenceville 
",Great feedback overall regarding sustaining operations and overall transition to the new SOW per the RFP for the GTS sites. ,"Corrigo Training for Work Order and Billing process scheduled for early December
Pilot Program and long-term integration of 4insite and Corrigo platform pending
GPS Go-lives of 11/1/25 for Manati and 12/1/25 for Devens.
Continue to refine routes based off occupancy, shifting space utilizations, and Holiday event activities as we head into the new year
Occupancy and service reductions at Libertyville and Redwood City 
"
44,12/3/25 9:08:40,12/3/25 9:18:05,anonymous,,,Direct (none),Thermo Fisher Scientific API,12/3/2025,"Trey Hunter- Thermo Fisher Scientific POC- Supervisor Mfg Equipment Maintenance & Facilities
Russell Misner- SBM Senior Site Manager",5,"Results of client visits, year end bonus SBM approvals, any complaints, staffing issues, and any challenges we are having with completing tasks.
Administration and Visitor Center restroom fixture upgrades that are scheduled for the end of December.",Customer had no issues and said the team is doing a great job. The J&J visit went excellent and will result in additional business for the site. The team is doing a great job handling the unbelievable amount of external client visits and audits.,Check with plumbing vendor to make sure he can receive all fixtures for the project at the end of December and follow-up on status of PO issuance to vendor. 
45,12/4/25 13:24:22,12/4/25 14:19:27,anonymous,,,CBRE,BI,12/4/25 10am PST,"Dean Selna (CBRE AD)
Walter Brown III (SBM Site Manager)
Zach Shock (SBM AD)
Jim Black (CBRE Fremont Soft Services Manager)
John Rizzo (CBRE Facilities manager)
Errol Spence (CBRE facilities manager)
Harjot Grewal (SBM Critical Environments manager)",4.33,"All sites scorecards were discussed with input from the site managers. 4insite access will be granted to Brandon Bartlow (BI Athens manager)
Compliment to Zaira (SBM site manager Ridgefield)
We had some ""0"" because CBRE did not give us scores for Fremont JAs. This was addressed with Dean & Jim. Jim said he will send in the scores so we can get a score for November. ",The feedback was actually pretty good. We have seen improvements at all sites. We are meeting to discuss the RAIL today with Dean. ,"4insite to access to Brandon Bartlow
Athens schedule for pressure washing and the windows - I'll work with Jose Rodriguez on this.
Columbus consumables - checking with Viv (AR) to see if we credited them back to CBRE.
Send PPT to Dean Dec 6th for Nov 4insite for his review with BI. "
46,12/4/25 10:42:31,12/5/25 11:38:16,anonymous,,,CBRE,Biogen,04Dec25 4:00pm,"Rafaed Ortiz - SBM Account Manager
Tim O'Donnell - CBRE Senior Facility Manager
Julio Tejeda - SBM Director of Operations
Emily Alvarado - CBRE Quality & Compliance Manager
Terrance Caldwell - SBM GMP Manager
Linda Koonce - SBM Custodial Manager
Julian Rosario - CBRE Account Manager for SBM
Lee Johnson - CBRE Alliance Director


",4.71,"We reviewed the scores for the Custodial and GMP programs across all sites: Cambridge, RTP Bio, and RTP Pharma. Overall, it was a favorable month.

I shared our November story, highlighting:
-Continued progress and strong performance metrics
-Areas identified for improvement
-Action plans to maintain momentum

Key milestones included:
-Working safely without recordable incidents
-Ensuring compliance with client requirements and maintaining right-to-operate standards

The meeting was productive and carried a relaxed, positive tone, reflecting confidence in our direction.","CBRE expressed satisfaction and acknowledged the improvements and efforts being made across our sites. 
Lee specifically highlighted:

-Cambridge Site: Appreciation for the support provided during the recent flood incident.
-RTP Bio Site: Commendation for maintaining four consecutive years without recordable safety incidents, a milestone they noted they have not been able to achieve themselves.","Tim mentioned that he would like to see more support from SBM management in organizing and scheduling OJT trainings for new employees. He feels it can be challenging for a new hire to arrange these trainings when they are unfamiliar with the people and the campus layout.
I appreciated this feedback and can relate based on my recent experience, as I also faced challenges contacting trainers and scheduling OJTs. I will take this action item and reinforce it with our team."
47,12/6/25 19:27:22,12/6/25 19:53:23,anonymous,,,JLL,Cardinal Health,12/4/25 2pm,"Gil Marcum - Strategic Manager JLL
Alissa Williams - Procurement JLL
Carlo Avellan - Regional Manager JLL
Pat Murtha - SBM
",4.95,"We reviewed the Safety Status for all sites, and then reviewed some highlights across the portfolio. We looked at the trend of CSATS over the last 6 months across the portfolio
- Status of adding an additional employee to the Twinsburg location, visit by safety and myself was pushed back by weather to 12/9
- 2026 Pricing for Dublin Location - one building closed, and its operation was moved over to the East Main building follow up meeting the week of 12/8
- Greensburg, SC site location discussion - there is a visit by our Regional Manager Jose Rodriguez on 12/9 he will evaluate the new space and proposed new pricing.","No concerns were brought up by the client, and appreciated SBM taking the lead on addressing the Greenwood Site","Pat - Setting meeting for week of 12/8 with Dublin location to align on the 2026 pricing
Jose Rodriguez - Complete pricing study for Greenwood SC loaction"
48,12/6/25 20:03:37,12/6/25 20:47:36,anonymous,,,CBRE,IQVIA,12/4 9:30AM,"Samatha Craig - Strategic Manager CBRE
Joseph Gilbert - CBRE FM - Bethlehem location
Amy Vander Veer - CBRE - Northborough Mass 
Maila Ramuser - CBRE FM - Durham NC
Sherika Garrett - CBRE FM - Marietta, GA
Bryan Hughes - CBRE Regional Mgr. over Indy location
Pat Murtha - SBM Account Manager
Lenin Alejo - SBM Durham Site
Guillermo  Morillo - SBM Northborough Site
Marquita Brown  - SBM Marietta Site
Melissa Hampton - SBM Sr. Director Global Accounts


",4.85/5,"We started by reviewing each site led by responsible managers - discussed any upcoming Holiday Events, or special visits","No - Concerns were raised
Northborough Complimented our employee on site, how she is part of their team
Bethlehem - our employee is out this week on PTO but appreciate the replacement worker and there is no gaps",NA
49,12/8/25 11:43:47,12/8/25 12:10:57,anonymous,,,C&W,McKesson,12/8 - 9:30am,"Pat Murtha = Account Manager
Zach Shock = Account Director
Jimmy Carlock - CW Procurement Director",5,"Overall Score Card Score
Reviewed Sites
Reviewed Survey's Scores
Reviewed Audits, ToDos/Report-Its
Discussed the purchasing of Consumables. CW wants purchasing to run through them and Staples, however this is not happening at the site level because the FM of the sites do not want to switch and be responsible for the purchasing

 ",Overall positive good experience with SBM,na
50,12/8/25 22:22:51,12/8/25 22:27:57,anonymous,,,Direct (none),Medtronic,12/8/2025 10am ,"Gisell Langelier (SBM Account Manager), Gavin Hall (MDT Director of Facilities), Linda Bui (MDT Principal Facilities Admin, Santa Ana), Pierre Carlier (MDT Facility Manager, Tempe), Antonio Ledbetter (MDT Facility Manager, Santa Rosa), James Meidinger (MDT Facility Manager, San Jose), and Brad Smith (MDT Facility Supervisor, Irvine).",5/5,"Scorecard & Complaints: The November SBM scorecard was reviewed, with specific attention to complaints at Santa Ana. All issues were confirmed as closed out and not repeated.
Joint Audits & CSAT: Joint audits were reviewed to ensure alignment on scoring across the portfolio. The CSAT process was revisited, with emphasis on how feedback is captured and acted upon.
Strategic Update: Gisell provided an update on her recent visit to Medtronic HQ in Minneapolis with Bruce Williams, VP of Facilities, highlighting progress in rebuilding trust and reinforcing SBM’s commitment to transparency and partnership.","James Meidinger commended the Menlo Park team for their performance.
Linda Bui recognized Gisell Langelier, Vanessa Torres, and Rosalina for improvements at Santa Ana and praised their communication style.","Process Alignment: Discussion focused on shutdown procedures and ongoing SOP revisions at Santa Ana. MDT and SBM are working to adjust and align processes.
From SBM Gisell L and Harjot G. are working on this with MDT Santa Ana Quality. Ongoing. 

Gisell L committed to setting up meeting with every MDT site lead in Dec to review SOP and see if adjustments are necessary for those procedures. 
"
51,12/9/25 11:00:51,12/9/25 11:08:09,anonymous,,,Sodexo,Merck Sodexo,12/4/25,"SBM - Dave Pergola, Orlando Suarez, Brian Davis
Sodexo –Cindi Aki (Lab Service Director), Armond Banks (Community Lead Manager), Rossana Vadala (Global Transformation Director), Briana Chaves (Business Manager)
",5,"All site scores across key performance indicators (KPIs) have shown improvement compared to the previous month. Although the Lab/GMP survey resulted in a failing score, we successfully maintained performance above the overall threshold.
In November, we introduced daily interactive safety audits, completing 128 audits in total. This initiative is aimed at proactively eliminating potential incidents and enhancing program standards by ensuring consistent engagement from all managers.
","During our discussion with the client, they expressed satisfaction with the improvements in safety, performance, and communication throughout the month. Additionally, we reviewed the multi-year optimization project focused on driving cost savings through operational efficiencies. The conversation also emphasized our commitment to delivering standardized service levels across the entire portfolio, ensuring consistency and enhanced value for the client.","•	Holiday decoration set ups to be removed by 1/11/26.
•	MYO project. SBM and Sodexo to cut savings in half (30% to 15%). Meeting the week of 12.8 to discuss next steps, options, and expectations.  
"
52,12/8/25 16:11:31,12/9/25 11:38:28,anonymous,,,Direct (none),Merck Direct,5DEC2025,"Boston/Cambridge:  Augustine Sanchez, Engineer Director, Russ Kinkad, Deputy Engineer Director
San Francisco: Dexter Ma, Engineering and Facilities Director
SBM: Brian Davis, Gris Pimentel, Carlos Estrada",5 ,"Covered comments in 4insites. Reviewed Compliments, no SBM complaints.  Reviewed Boston Securitas Vendor complaint and actions taken.  Highlighted Joint Audit findings at SSSF.","Overall Positive from Boston, Cambridge, and SSF.  Agreement with scores and findings",Continue Securitas Response Plan Readiness improvement at Boston.  SSF emphasis on completing EOY projects and End  Year Shutdown execution
53,12/9/25 11:42:26,12/9/25 11:51:38,anonymous,,,CBRE,"Merck West Point GWES/MMD, Upper Gwynedd, North Wales, Springhouse, Cherokee, and Durham",04Dec2025 @ 8:45am,"Yaritza Luciano- SBM Sr. Site Manager
Charles Winters- CBRE FM Cherokee
Brandon Krause- SBM Project Manager
Julie Ramirez Salome- Merck POC UG
Michon Blake- CBRE FM UG
Brian Davis- SBM AD
Amy Sharp- Merck POC MMD
Timothy Mengle- SBM Site Manager
Jim Gregg- CBRE NW FM
Thomas Alvarez- Merck POC SHIP
Paul Botto- SBM Site Manager
Sandra Delcid- ASBM Site Manager
Stephen Parente- CBRE Quality
",5/5 for all sites,Covered November Monthly Metrics along with a review of complaints submitted at WP MMD and UG Locations.,No negative feedback. Several attendees were not present due to year end meetings.,No action items were required from this meeting
54,12/10/25 12:14:33,12/10/25 12:24:30,anonymous,,,CBRE,Takeda (CBRE),December 5th 11:30AM,"Gualter Almeida Regional FM CBRE'
Stephanie West Sr. Global Procurement Manager CBRE
Darin Goodwin EHS Manager CBRE
Julio Tejeda Operations Director SBM",4.85,"ISN Score 

On-going FDA inspection support provided so far
Results for the month of November.

Potential impact due to full time conversion in the Cambridge - Boston Market ","No issues and/or concerns reported by the participants,
Everyone was in agreement that there are not any concerns at this moment ","Connect SBM EHS with CBRE EHS to determine a path forward to address C score on the ISN system.

Follow meeting will be held to discuss more in-depth full-time conversions and how we can leverage savings opportunities out this change."
55,12/10/25 12:14:54,12/10/25 12:25:18,anonymous,,,JLL,BMS,December 5th,"Michael Barry-SBM
Margarita Diaz-JLL Regulated Services Manager

",4.75,"Review on monthly KPIs
Transition and contract updates
EHS-SBM has continued our outstanding safety performance through the month of November reaching 972 days without a recordable injury. This milestone is a testament to our team’s dedication and our ongoing commitment to maintaining a safe work environment for everyone.
Outcome Based Services-Continued to support the movement of existing sites over to the Outcome Based SOW based off the RFP award with the Manati Transition.

",JLL very pleased with the overall status of SBM on the account. Need to finalize contract to memorialize RFP award,"Share Durable Model Best Practices for kitchen and break areas-EOW Mike Barry-Done
Price out consumables vs JLL Marketplace-12/23-SBM Procurement Team"
56,12/10/25 12:26:11,12/10/25 12:31:15,anonymous,,,JLL,Lonza,12/3/25,"JLL- Brandon Hayden (POC Soft services Manager)
JLL – Christy Martin (Quality Manager)
Lonza – Lauren Nucum (POC Senior IFM Program Manager)
SBM - Saint Junco – Ramirez (Quality Manager)
SBM - Jomeriza Estose (Auditor/Planner)
SBM – Theodore Domingo (Site Manager)
SBM – Roy Garcia (GMP Supervisor)
SBM – Biagio Sarich (SVP, Strategic Partnerships – JLL)
",5,"Monthly review for November has been presented to the customers. We navigated through 4insite to share November data on Good Catches/Report-its, Building Audits, Associate Audits, Complaints, Compliments, and Scorecard comments to highlight Achievements, Challenges, and Next 30 days.

Detail discussion of Report-its, including action to follow up on ‘Behavior’ category to identify if any awareness or communication to the team is needed

Several joint audits in Nov with good overall scores
Discussed incomplete associate audit as well as failed audit
November audit was completed on 01DEC2025
Continuing to work to requalify employee that failed audit
Covered Quality Events and closing out the month without either an event comment or deviation/investigation
This is a huge accomplishment and should be communicated to the team as well as added to the scorecard – Christy Martin
JLL service audit was performed in B5 QC Labs 25NOV2025 – No observations at this time
Employee did a great job overall, thank you for the coordination – Brandon Hayden

Other Discussion Points:
SOP Class Round 21 (Drain Cleaning, Order of Cleaning, Cleaning Methods) wrapping up with two classes left to go.
Low speed project work completed: B1 3rd floor Return – Floor looks good, will start to work on scheduling Building 9 as requested by MFG leadership
End of the year wrap up on periodical cleanings: Operations has communicated with equipment cleaners and other technicians to confirm that all periodicals will be completed as planned
ATB Tracker – Brandon wanted to confirm that the time for drain cleaning/disinfection are a separate line item
Brandon is working on a SCR for the future state of the drains
Carpet cleaning performed as requested – Brandon working with various groups to identify source of odor in conference rooms 5-1 A&B – no action for SBM
West Yard Wood Bin: Brandon requested follow up from the team to confirm that a trailer like the one we use for plastic would also work for the wood. Staffing Update: We have had a resignation from our graves team
Will work with the team to see if additional coverage is needed until the vacant position is filled
Glass wash equipment: Washer AR5150 was returned to service, conversations have been started with area owner (Ed Chin) to prioritize replacement

Building 5: Cadence for cleaning tops of cabinets to be set on a semi-annual basis, area has been walked several times and there has only been minor debris/dust on these areas

","Employee did a great job overall during the service audit with me and Monique, thank you for the coordination – Brandon Hayden
0 Quality Events in November: This is a huge accomplishment and should be communicated to the team as well as added to the scorecard – Christy Martin
","Request data from 4insite for ‘Behavior’ to review and identify trends that may need additional awareness and communication
Task Owner: Thed Domingo
Confirm with Marc and Andres that a bin like the one we use for barrels/plastic will work for the wood and confirm safety/logistics
Task Owner: Roy Garcia
"
57,12/10/25 15:55:39,12/10/25 16:10:07,anonymous,,,CBRE,Eli Lilly,12/5,"Nick Perry (Sr Ops Manager), Donnie Hui (Site Lead), Ericka Najera(Site Lead), Jeff Allamon (Soft Service Manager).",Portfolio - 4.93 Concord - 4.88 Durham - 5 Indy - 4.75 Pleasant Prairie - 5 Boston - 5,During the review we pulled up each scorecard and went over all KPI's. Team also focused on highlights/low lights as well as the next 30 days especially as we are approaching holiday shutdowns. The CBRE team was very engaged and we discussed a lot of the upcoming activity as there are a lot of high visibility events in the next 2 weeks. Safety was highly recognized as each site has an outstanding safety record and a great reporting process for all events. ,"- Overall the feedback was very positive. For the WI site, the site team shared great feedback on our new site manager RJ Pucci and that he has made a significant impact his first few weeks on site. In Durham, Jeff shared great feedback on the results and team with a special thank you for supporting all of the recent request cleans in CNC space as well as for all of the recent events. BOS team reviewed data since go live and shared that they have seen a significant improvement from the site team in the last month as well as since go live overall. They are very excited to continue on this path and continue to expand the team. We had a lot of feedback on our report its and were encouraged to ensure we are capturing all items as often times our teams are communicating directly with CBRE, and they want to ensure this is captured as its such an impactful data point. ","Jeff Allamon - Durham - Jeff asked if there was a way to export data from 4i. He expressed that we have a lot of amazing results and would like to share that with his teams. Chad Scheduled a follow up with him 12.13 to review different options as exports are not available. SBM team will show how to subscribe to reports, show key areas where snip-its can be taken as well as offer sharing weekly/monthly reports. 

-WI - Team is onboarding additional staff as site expands. We spent several minutes on the call discussing the expansion. SBM team to follow up weekly sharing details on our increased staffing as we have all team members in the pipeline. "
58,12/10/25 18:25:29,12/10/25 18:39:21,anonymous,,,JLL,Amgen,12/4/25,"Lori Capel JLL Finance manager and Andrew Peterson Senior Operations Manager, and JLL National Director Dan Rose",4.85,"We have high scores across our portfolio, and this has improved month over month because we have continued to fine tune our asks to meet our customer needs. We did have one failing survey from AOH, but found it to be an easy fix.",Customer feedback is that we have done a good job ensuring the contract for renewal with no major misses. They understand that the expectations have recently changed at AOH and the failing score has to do more with this. ,"I am traveled to AOH to learn more about the changes that are being asked by our customer. Since then, I have learned that this is actually an opportunity to increase our scope. That the complaints are stemming from increased headcount and production at the site, not necessarily our performance. "
59,1/8/26 15:42:03,1/8/26 16:17:38,anonymous,,,CBRE,Biogen,1/5/2026 12:00pm,"Rafaed Ortiz - SBM Account Manager
Lee Johnson - CBRE Alliance Director
Timothy O'Donnell - CBRE Sr. Facilities Manager
Linda Koonce - SBM Custodial Manager
Terrance Caldwell - SBM GMP Manager
Emily Alvarado - CBRE Quality Manager",4.5,"The scorecard review was positive. We achieved an overall score of 4.5 for December: Cambridge scored 5, while RTP Pharma and RTP Bio both scored 4.25. We reviewed wins, KPIs achieved, and a few that were missed along with corrective actions. ",CBRE acknowledged that we are moving in the right direction. Lee commended our team for consistently working safely and maintaining a recordable-free environment. They emphasized the importance of meeting the training KPI and noted that our renewal contract is currently in the final approval stage.,No action items at this moment. 
60,1/12/26 12:01:41,1/12/26 12:11:32,anonymous,,,JLL,BMS,Friday January 9th 9am,"Michael Barry SBM Sr. Site Manager
Margarita Diaz JLL Regulated Services Manager",5.0,"December Quality and Safety KPIs

Transition activity for Devens and Manati

Continued Safety Excellence for the entire year of 2025. Zero safety related issues during the transition period, extending our impressive track record of working without a recordable incident to 1,001 days!

Pending site closures-Our Area Managers have been working with our site teams to ensure operations continue to run smoothly as Redwood City and Libertyville continue their closure activities.

Issues with Corrigo implementation
",JLL is very happy with SBM across all locations with continued positive feedback around transition activities and EHS results.,"JLL to schedule meeting to discuss Centralized Trashing expansion at Manati PR location- M Diaz Owner

JLL to schedule meeting to discuss implementation of -Crowd Comfort cleaning maps at Devens location- M Diaz owner"
61,1/12/26 12:01:09,1/12/26 12:46:08,anonymous,,,CBRE,Takeda (CBRE),Jan 9th 11:30AM,"Joseph Seaver Regional Facilities Director CBRE
Stephanie West Global Category Sourcing manager CBRE
Darin Goodwin CBRE EHS Manager 
Luis Cabrera Account Manager SBM",4.78,"Quality 
Achievements
On Going Operations 
Safety 
FDA Inspection during December. ","Great Team effort during FDA inspection.

We appreciate partnership and SOP reviews and pushing SOP changes.

Keep Up and enhance proactive approach ",Follow on ISN scoring SBM is still showing with a C score 
62,1/12/26 14:15:15,1/12/26 14:26:48,anonymous,,,CBRE,Merck/CBRE,08Jan2026 @ 8:45am,"Homa, Justin [C]	        SBM Account Director
Winters, Charles R. [C]	CBRE FM- Cherokee
Siegler, Ed [C]	                CBRE FM- Springhouse
Ramirez Salome, Julie	 MERCK POC- Upper Gwynedd
Marvin Owens	                 SBM Vertical VP
Alvarez, Thomas	         MERCK POC- Springhouse
Macauley, Sean	         MERCK POC- NW
Brian Davis	                 SBM Sr. Account Director
Mengle, Timothy [C]	 SBM Site Manager- Cherokee
Parente, Stephen [C]	 CBRE Area Quality
Dickinson, Erik [C]	         CBRE Sr. FM- WP GWES
Johnson, Lucas K.	         MERCK POC- West Point GWES
Argueta, Douglas [C]	 SBM Site Manager- Upper Gwynedd
Luciano-Lopez, Yaritza [C]	SBM Sr. Site Manager
Faussett, BC [C]	          CBRE Sr. FM- WP MMD
Delcid, Sandra [C]	          SBM Site Manager- Durham
Sharp, Amy L.	                  MERCK POC- WP MMD
Gresh, Karen	                  MERCK POC- Cherokee
Paul Botto	                SBM Site Manager- West Point
","5 out of 5, all CBRE Locations","Reviewed Individual Site Scorecards and driving data behind the metrics. Reviewed the 2025 Annual Metrics behind Complaints, Surveys, and Joint/Internal Audits. Dove into Springhouse Locations Service Validation and key initiatives for 2026 rollout.",Positive Feedback received from each Merck POC on the call. All echoed the hard work and dedication of our entire team to achieve success through 2025.,Site Specific Action items distributed on Recap reviews for each individual site. No high level follow-ups at this time.
63,1/12/26 14:28:41,1/12/26 14:31:41,anonymous,,,CBRE,Organon-CBRE,08Jan2025 @ 9:30am,"Justin Homa SBM Account Director
Yaritza Luciano- SBM Sr. Site Manager
Allen Foglietta- CBRE FM
Steve Cougan- CBRE FM",5 out of 5,"Reviewed December 2025 scorecard, along with full 2025 Recap.",All positive thanks for a successful 2025 and looking to continue through 2026,None at this time.
64,1/12/26 14:14:28,1/12/26 14:36:54,anonymous,,,Direct (none),Merck,1/8/2026,"Merck: Dexter Ma, Director of Engineering and Facilities
Merck: Augustin Sanchez, Director of Engineering and Facilities
Merck: Russell Kinkade, Associate Director of Engineering and Facilities
Merck: Jason Crovisier, Associate Director of Engineering and Facilities
SBM: Brian Davis, Account Director
SBM: Griselda Pimentel, Site Manager
SBM: Carlos Estrada, Site Manager
SBM: Zach Risch, Account Performance Manager",4.81,"Reviewed scorecard comment in 4insite.  For Cambridge reviewed the safety in detail including the recordable incident which resulted in site score of 4.25.
At Boston reviews specific complaints and compliment for the Security vendor, Securitas, which is high priority for the site POC",Overall positive tone.  SSF client please with SBM leadership during shutdown.  ,No actions from this meeting
65,1/12/26 12:12:02,1/12/26 15:33:17,anonymous,,,CBRE,Eli Lilly,1/7/26 and 1/12/26,"LKC - Ericka Najera 
Concord - Pat Willams, Lori Kirinch, Pricilla Nazario, Stacy Harris
Durham- Jef Allaman
BOS- Donnie Hui",4.95,"During the scorecard reviews, we reviewed all KPI scores at each site, reviewed highlights and challenges from the past month, as well as a look forward to upcoming activity. 

LKC's look forward was very focused on staffing as we received a PO last month for the site expansion. We currently have 8 associates and are ramping up to 12. We currently have 1 starting the week of 1/12 and have 3 others in the onboarding process. 

Concord path forward was very focused on the upcoming FDA visits. We have been expecting a visit for the last 2 months to occur any day. The team has been actively preparing for this walk and are audit ready. ","LKC - Ericka Najera - Ericka was surveyed in DEC and issued an outstanding compliment for the consistency of results and service provided at the site. When discussing opportunities, Ericka brought up a recent catered food event and said the food was left out without being disposed for too long. In the meeting we discussed notifying our team of catered events, and we can issue To-Do's to ensure the service is completed. Ericka also asked about our onboarding of new team members and we provided an update. 
 
Concord - Pat Willams, Lori Kirinch, Pricilla Nazario, Stacy Harris - In the Concord meeting, most of the client feedback was around our upcoming prep for the FDA audit. We discussed the CNC floors as they have noticed booties being dirty after walking the space. SBM recently increased our frequency from Weekly to Daily for floor scrubbing and are expecting to see a major improvement. We also discussed some of the delays we are seeing with Learning Plans being assigned to new employees, and developed a process to escalate to CBRE after 1 week.


Durham- Jef Allaman - Jeff relayed outstanding feedback for our team members, especially Mabel. Jeff recently sent an email thanking her for outstanding service. Jeff also mentioned that there are upcoming facility walks, he knows we are prepared but wanted to share that there are walks upcoming. 

BOS- Donnie Hui - Meeting was ran by Chad Boulton and Chris Francis as area manager Guillermo Morillo was out on vacation. During the meeting we reviewed shutdown projects, and Donnie stated ""although the end result was where we want to be, he felt that our preparation could have been better.""  SBM team has new team members as the site went live in September and we discovered some of the team needed additional training to complete the needed projects. We were able to utilize local resources to assist with training the team and completing the projects, but definitely had an opportunity to get in front of this. ","- LKC - Wendy to provide weekly updates on staffing to CBRE team
-Concord - Chad to coordinate with Dycem to have a rep come out on to assess whether Dycem mats will assist in preventing dirt/scuffs on floors in CNC Space
-Concord - Team to move to 2x daily cleaning in B10 to prepare for FDA audit. (this area has had a lot of pest activity)
-BOS- Chad and Chris to follow up with Donnie on staffing model as the buildings common space and restrooms may come into CBRE scope  (currently LL Maintained)"
66,1/12/26 16:59:06,1/12/26 18:52:36,anonymous,,,CBRE,IQVIA,1/8/25,"Samantha Craig - CBRE Strategic Sourcing Manager
Bryan Hughes - CBRE Regional Manager
Shireka Garrett - CBRE Site Director
Amos King - CBRE Site Director
Joseph Gilbert - CBRE site Director
Pat Murtha - SBM Account Manager
Laura Contreras - SBM Area Manager
Kevin Hammons - SBM Area Manager
Lenin Alejo - SBM Site Manager
",9.92,"We reviewed each site, started by reviewing our safety record and processes we use to complete trainings. We reviewed the Scorecard and summary of comments. with Marietta, Ga - The POC gave high marks to the manager that has taken over that site. Durham, NC things are going well, we had a site specific meeting on Wednesday, and every Wednesday. No concerns at Indy or Northborough.  Bethlehem complented the services",Bethlehem complimented the services receive and there have not been any gaps.,NA
67,1/12/26 19:02:45,1/12/26 19:27:53,anonymous,,,JLL,Cardinal Health,1/8/26,"Gil Marcum - JLL Account Director 
Amy Williams - JLL  Strategi Sourcing Manger
Carlo Avellon - JLL Regional Manger
Melissa Hampton - SBM
Patrick Murtha - SBM



",4.95,"We reviewed the overall scorecard 4.95 and why  it is was not a 5. We reviewed the distribution sites as a group, We reviewed the tasks from December. Including Grove City pass through, Dublin SOW re-alignment, and Greenwood SC, Melissa Hampton was introduced to the JLL team",Gil was very supportive of SBM and the level of cooperation the last 6 months.,NA 
68,1/13/26 9:14:20,1/13/26 9:21:05,anonymous,,,JLL,Amgen,1/6/2026,"JLL National Account Director, Dan Rose
JLL Senior Operations Manager, Andrew Peterson
JLL Finance Director Lori Capel ",4.85,"reviewed a summary of last year. 
One recordable for the year of 2026. 
2 deviations across the whole portfolio and none at ARI. 
We successfully transitioned ACC, LDC and an offsite in Gahanna. 
We were able to deliver a large cost savings for GFO sites (ATO) 
We supported JLL through their RFP. ","Dan Reiterated that he will be stepping away from the Amgen account in February. 
Their was some discussion around building 2 at AOH ohio and the need to get a CCR created. ",Firm up the timeline for building 2 at AOH. 
69,1/13/26 9:48:12,1/14/26 10:11:38,anonymous,,,Sodexo,Merck Sodexo,1.13.26 - 11am,"SBM - Dave Pergola, Orlando Suarez, Brian Davis

Sodexo –Cindi Aki (Sr. Director, Labs), Armond Banks (Community Manager), Briana Chaves (Business Manager)
",5,"Performance Overview:
Achievements

Successfully assisted with the breakdown of holiday decorations across the entire site.
Conducted monthly Joint Audit, achieving a final quality score of 3.5/5.00.
Maintained 82 consecutive days without recordable incidents, reinforcing our strong safety culture.

Challenges

Ongoing need for tighter consumables control.
Improved validation of daily task completion to ensure consistency and accountability.

Next 30 Days

Review and implement Centralized Trashing (CTC) in areas where it has not yet been adopted.
Begin reduction and removal of sanitization carts across the site to streamline operations.
Continue prioritizing safety—currently at 82 days recordable-free, with all site’s injury-free this month.
Maintain strong performance metrics:

Average Survey Scores: 4.0/5.00 across all locations.
Average Joint Audit Scores: 3.71 (vs. previous 3.50) across all locations.
","Sodexo has raised concerns regarding custodial closets containing expired products, which not only pose a safety risk but also compromise the effectiveness of cleaning and disinfecting processes. Additionally, our internal audits need to prioritize quality over quantity, ensuring greater attention to detail rather than volume. On a positive note, consumable management has shown significant improvement, and we remain committed to innovating and identifying better ways to enhance service delivery.","•	Provide transition plan for replacing Sr. Site Manager. Transition implementation begins 2.1.26.  
•	Provide live project tracker, equipment list and site vehicle list. These will be added to the site work release contract to provide clarity on what Sodexo is paying for monthly. 
•	Follow up on work release draft. Need for Sodexo to weight KPI’s and confirm SOW. 

"
70,2/5/26 12:26:41,2/5/26 12:35:37,anonymous,,,Sodexo,Merck Sodexo,2.5.26 @10:30am,"Sodexo

Armond Banks - Community Manager
Briana Chaves - Business Manager
Cindy Aki - Director, Lab Services

SBM

Dave Pergola - Account Director
Brian Davis - Sr. Account Director",3.5,"During the client review, we walked through recent operational performance, key wins, and areas requiring corrective action. The client acknowledged several strong achievements, including positive service feedback, safety performance, and audit outcomes. They also emphasized the need for tighter consistency across waste management, dock readiness, and compliance practices.","Positive Performance Highlights

Recognized 5 compliments for strong service quality, responsiveness, and consistent cleaning standards.
Praised the team’s 115 days recordable-incident‑free safety streak and successful posting of OSHA 300 logs.
Acknowledged strong quality results, including:

Internal audit average: 3.85
Joint audit score: 3.90
RY80B Glass Wash review rated “Very Good,” noted as neat, organized, and inspection‑ready.


Key Areas for Improvement

Battery Disposal Transition: Client directed that all battery disposal will transition to the LAB Service Team.
Direct Flow to Wrecker Pads: All items must go directly from the stations to the wrecker pads with no intermediate stopping points.
Concerns raised regarding:

Expired products in closets
Incomplete cart stocking
Improper equipment removal (iCleanse)
Dock cleanliness, waste buildup, and blocked doors
Recent customer audit failures linked to waste, expired materials, and process gaps","Immediate Follow-Up


Coordinate Battery Disposal Transition

Meet with LAB Service Team to align on responsibilities, process flow, and communication.


Implement Direct-to-Wrecker-Pad Routing

Update SOPs and reinforce with all staff.
Verify stations understand new routing expectations.


Process & Compliance Controls

Reinforce weekly expiration checks and consumable inventory management.
Re-establish dock ownership, including daily checklists and end-of-shift sign‑offs.
Provide rapid-cycle coaching on:

Proper battery disposal steps
Removing iCleanse machines and other outdated equipment
Closet standards and organization


Quality & Safety Sustainment

Continue promoting the 115-day safety milestone and partner with EHS to sustain strong performance.
Monitor consistency in waste management and dock readiness to prevent audit recurrence."
71,2/6/26 10:02:44,2/6/26 10:18:36,anonymous,,,CBRE,Biogen,2/5/2026 @ 1:00pm,"Rafaed Ortiz - SBM Account Manager
Linda Koonce - SBM Custodial Manager
Terrance Caldwell - SBM GMP Manager
Emily Alvarado - CBRE QA Manager
Julian Rosario - CBRE Account Manager
Lee Johnson - CBRE Alliance Director
Marvin Owens - SBM VP Operations",4.67,"During the meeting, we reviewed accomplishments, challenges, and the next 30‑day focus for each site. The account achieved an overall average score of 4.67 (5.0 Cambridge, 4.75 Pharma, and 4.25 Bio), reflecting strong operational performance and improved execution across several key areas.
We also met the client training KPI this month, which had been missed in previous months.","The customer expressed their appreciation for the work, but the meeting was quick and straight to the point.",Emily asked for the names of the Cambridge employees who have Veeva trainings assigned so she can add them to the weekly list and allow us to follow up to ensure they complete them on time. I’ve requested the list from Julio and expect to share it with Emily next week.
72,2/10/26 13:07:49,2/10/26 13:19:06,anonymous,,,Direct (none),Medtronic ,"Feb 9, 2026 3:00pm-3:30pm ","Gisell Langelier - SBM
Gavin Hall - MDT Director of Facilities, West",5.00,"We reviewed the customer satisfaction scores for Jan, as this metric is not currently reflected on Medtronic’s dashboard but provides meaningful insight into the overall service experience. We also focused on safety and our internal training efforts in light of a recent incidents. ",SBM’s review of the customer satisfaction score was noted and provides useful context since this metric is not displayed on our dashboard. We also acknowledge the attention given to safety and internal training in response to the recent incident,Gisell will highlight the corrective actions and training measures implemented to prevent future incidents during the next review.
73,2/11/26 11:59:10,2/11/26 12:04:22,anonymous,,,JLL,Amgen,2/10/26 ,Senior Sourcing Director Lori Capel. Sr Operations Manager Andrew Peterson,4.98,"A lot of positive feedback over the last month. 
Achievements:
204 days recordable free.
Awarded ANC, go live 4/13. 
ATO- implemented a snack rapper program.
ARI- Supported GMP operations during an adverse weather event and continued to do so in compliance with the outage schedule.
AOH- Continues to improve service quality on restrooms and also maintained GXP standards during adverse weather events.
ASF- completed all floor work and utility projects on the south tower.
LDC - got some good compliments from Amgen. 
Maintains a 5/5 survey and joint audit score.

Challenges:
AOH- Obtaining access to e-logs and various parts of clean space. 
 

Next 30 Days:

Completing the onboarding for new staff
Finalizing the process requirements and labor needed for additional scope of work. 
Continue to drive the transition at ANC.","Everything was positive, and they liked looking at our scope of work progress and audits. ",Main takeaway was that they want to remove the GMP e-log barrier for us at AOH by patterning better with JLL. 
74,2/11/26 13:43:53,2/11/26 13:52:43,anonymous,,,CBRE,Takeda (CBRE),02/06/26 @11:30AM,"Joseph Seaver CBRE Regional FAC Director 
Stephanie West CBRE Global Category Manager 
Julio Tejeda SBM VP of Global Accounts 
Luis Cabrera SBM account Manager ",4.75,"Quality Scorecards 
On Going Operations.
Savings 
RFP next Steps ","Great Support for ongoing operations 
No major issues reported 
",N/A
75,2/11/26 13:39:46,2/11/26 14:01:16,anonymous,,,Direct (none),Novartis,2/11 10am,"Michael Barry SBM Sr Account Director
Andre Souza SBM Sr Site Manager
Jim Baillargeon REFS Facility Management Lead
César Flores REFS Regional Category Manager 

",5,"Quality Performance
EHS Performance
Financials
Cost Avoidance
Supported additional weekend cleaning at Cambridge
Estimated avoidance of $5,500
Supported daily kitchen and restaurant cleanings at East Hanover
Estimated cost avoidance of $9,389
Potential need to support Earth Day events",Very pleased overall in the new direct model. Already seeing more transparency with SBM vs IFM,setting up call with Sustainability team to see if we can support improving trash collection at the site later this month. Novartis will be the owner with SBM supporting. 
76,2/11/26 14:38:29,2/11/26 14:57:02,anonymous,,,JLL,BMS,2/10,"Michael Barry SBM Sr Account Director
Margarita Diaz JLL Regulated Service Manager
Chris Hadvab JLL Strategic Sourcing Director
Katherine Malagiere JLL Account Operations Director
",5,"Quality Review
EHS Review
Safety Excellence
Continued Safety Excellence-Zero safety related issues during the transition period, extending our impressive track record of working without a recordable incident to 1,035 days!

Corrigo issues

Manati Cost Avoidance
SBM’s leadership, discipline, and accountability in inventory management have driven measurable improvements across the site’s operations in just a few months.
The recent inventory reconciliation resulted in a projected annual cost avoidance of almost $255,000
",Very pleased with services across all locations,JLL Team to own billing NTEs increases to ensure tax has been included. 
77,2/12/26 8:52:41,2/12/26 10:26:49,anonymous,,,CBRE,Eli Lilly,1/6 and 1/9,"Concord - CBRE: Pat Williams and Lori Kirnich 
         SBM: Zach Crawley, Dayana Guerra, Chad Boulton
Durham - CBRE: Jeff Allamon
          SBM: Bryan Tilley, Ebi Roche
Boston -CBRE: Donnie Hue
      SBM: Guillermo Morillo, Chris Francis, Chad Boulton",5.0 (all sites in portfolio 5),"Concord - Reviewed all KPI's as well as a recap of all the significant events that have occurred in January. The site experienced two record snowfall events as well as an FDA visit lasting into February. SBM team was recognized for all of the support given to the site during this year.
Durham - All KPI scored reviewed as well as a huge shout out from Jeff at the beginning of the meeting as Eli Lilly Director of Ops gave the SBM team a compliment for service and support of Go Clean efforts in PFS9. We also reviewed significant events in January as the site also experienced two record snowfall events which are not typical in this area.
Boston - All KPI's reviewed as well as a discussion on the path forward for new spaces opening up in Q1. Lab spaces will be open shortly, office areas expected to open in March.","Concord- The concord CBRE team shared very positive feedback as SBM has gone two months without complaints, 100% on training completion, 0 deviations. Lori stated that ""there has been a noticeable improvement and she can see our efforts as our results are so much better than 6 months ago"". The CBRE team would also like to recognize our team as we had several people remain on site for the duration of the storms, supported last min middle of the night recovery clean requests, and were able to support the site during the unprecedented weather.
Durham-Very positive feedback from CBRE as the team supported the recent snow storms, opening of new spaces, and continue to see great results on KPI's. The Durham team has a great relationship with CBRE at this location and continue to receive a lot of accolades and positive feedback.
Boston- Great feedback on results for the month, Donnie and CBRE team said things at the site have been meeting standards. Recently our lead has been having medical issues so we discussed a coverage plan that Donnie agreed was good support. Overall, Donnie wants us to ensure that we continue to provide the right level of support especially with the new spaces opening. ","- Follow up in Concord to schedule monthly consumable reviews. scheduled for 2nd Wednesday of each month
-Follow up in Boston on continued coverage plan for leave from Lead. "
78,2/17/26 10:44:45,2/17/26 10:52:23,anonymous,,,CBRE,Merck/CBRE All Locations,05Feb2026,"Homa, Justin [C]	SBM Account Director
Huber, Louis Delbert [C]	CBRE FM- Cherokee
Sharp, Amy L.	Merck POC-MMD
Basalyga, Mike J [C]	CBRE Regional Manager
Ramirez Salome, Julie	Merck POC- Upper Gwynedd
Timothy Mengle	SBM Site Manager- Cherokee
Brian Davis	SBM Sr. Account Director
Blake, Michon [C]	CBRE FM- Upper Gwynedd
Gregg, Jim [C]	CBRE FM- North wales
Macauley, Sean	Merck POC- GWES
Alvarez, Thomas	Merck POC- North wales/Springhouse
Argueta, Douglas [C]	SBM Site Manager- Upper Gwynedd
Gresh, Karen	Merck POC- Cherokee
Dickinson, Erik [C]	CBRE sr FM- GWES WP
Faussett, BC [C]	CBRE Sr. FM- MMD WP
Botto, Paul [C]	SBM Site Manager WP
Luciano-Lopez, Yaritza [C]	SBM Sr. Site Manager
Parente, Stephen [C]	CBRE Quality- All Sites
Krause, Brandon [C]	SBM Project Manager- WP
Bean, Herb [C]	CBRE Sr. FM 
Siegler, Ed [C]	CBRE FM- Springhouse
Delcid, Sandra [C]	SBM Site Manager- Durham
Winters, Charles R. [C]	CBRE FM- Cherokee
",5,Discussed January Results and 2026 Projects related to Asset Management and Service Validation programs. Positive scorecard results through all sites.,Several compliments on SBM's performance through the entire 2025 Calendar Year. Compliments on the handling of the winter weather snow/salt issues within buildings.,No immediate follow-ups/action items for leadership. 
79,2/17/26 10:53:52,2/17/26 10:56:09,anonymous,,,CBRE,Organon/CBRE,05Feb2026,"Allen Foglietta- CBRE FM
Steve Cougan- CBRE FM
Yaritza Luciano- SBM Sr Site Manager
Justin Homa- SBM account Director",5,Positive Feedback received. No issues noted,Looking for timeline on replacement employee. They are happy with the temporary support provided.,Timeline on New Hire.
80,2/17/26 17:55:08,2/17/26 18:06:48,anonymous,,,Direct (none),Merck,6 FEB 2026,"Merck: Dexter Ma, Director of Engineering and Facilities
Merck: Augustin Sanchez, Director of Engineering and Facilities
Merck: Russell Kinkade, Associate Director of Engineering and Facilities
Merck: Jason Crovisier, Associate Director of Engineering and Facilities
SBM: Brian Davis, Account Director
SBM: Griselda Pimentel, Site Manager
SBM: Carlos Estrada, Site Manager
SBM: Zach Risch, Account Performance Manager",5,"Reviewed scorecard comment in 4insite.  

At SSF, we reviewed how we can use AI Agent (Olivia) to deliver deeper data‑driven analysis and actionable insights.","Positive feedback from all sites.

At SSF, POC  Dexter MA was interested in AI Oiliva.  His comments ""we should definitely continue moving toward being more data‑driven; determine What strategic insights do we see (lagging and leading indicators), and how do we translate those into actionable plans""",Use AI at future scorecard reviews to provide more insights on our 4i data.
81,3/5/26 13:31:52,3/5/26 13:35:58,anonymous,,,JLL,Pfizer Memphis,3/5/2026 at 10:30am,"JLL Justin Serda, JLL Allen Jones, SBM Hubert Riley and SB Jaime Sandoval",5,"All Scorecard KPI's
Staffing challenges. Coverage in Place.",Customer is satisfied due to the coverage provided by SBM due to an open position and an employee in FMLA.,NA
82,3/5/26 13:51:25,3/5/26 13:51:42,anonymous,,,CBRE,Biogen,05Mar26 at 11:30am,"Emily Alvarado - CBRE Quality Manager
Julian Rosario - CBRE Facilities Manager Cambridge
Terrance Caldwell - SBM GMP Manager
Marvin Owens - SBM VP
Rafaed Ortiz - SBM Account Manager",4.83,"Over the past month, all sites demonstrated strong performance, discipline, and resilience despite staffing constraints, operational demands, and significant weather challenges. Safety, compliance, and service delivery remained consistently strong across the account. The scores per site are:
Cambridge 5.0
Pharma 4.5
RTP Bio 5.0",The client expressed appreciation for the work being done and for the overall improvements achieved.,No action items or follow ups at this moment.
